seismoacoustic,genergy,gplus,gdenergy,gdpuls,bumps,bumps2,hazard,shift,predictions,distances
0,30130,82,65,57,3,3,0,0,-1,-2.561024592204742
1,29470,347,-14,22,0,0,1,1,1,4.251322162230132
0,14720,33,-70,-79,1,0,0,0,1,1.4495359329291198
0,15760,318,89,89,0,0,0,0,1,1.755219061554783
0,8280,30,-27,-25,0,0,0,0,1,2.0373619291626213
0,5480,236,-20,37,0,0,0,0,1,1.587492341865314
1,1312110,1471,24,2,1,0,0,1,-1,-3.286435808528651
0,178220,371,13,7,2,2,0,1,1,3.5578963502136247
0,55730,387,-89,-87,3,2,0,1,-1,-0.44301880374721136
1,28780,1294,-18,26,0,0,0,1,1,1.831130303319501
0,74470,655,148,28,0,0,0,1,1,2.0863099361544855
0,15840,436,27,74,0,0,0,0,1,1.7048198025999248
0,314100,904,-41,-37,0,0,0,1,1,1.3944160483902373
1,11500,35,13,-30,0,0,1,0,1,2.4089595309896836
0,1400,51,-88,-78,0,0,0,0,1,0.22529841451973454
0,12350,296,101,21,0,0,0,1,1,2.106857442109593
1,362360,575,122,93,4,2,1,1,-1,-0.601241940503801
1,6220,111,52,40,0,0,1,0,1,3.221146745727559
1,34050,68,38,13,0,0,0,0,1,3.096520797045091
0,5470,237,-56,-5,0,0,0,0,1,1.9016996180501167
1,9350,44,-20,10,0,0,0,0,1,2.5325500642194037
1,2960,49,-62,-34,0,0,0,0,1,1.7683139135345627
0,3770,50,-47,-40,0,0,0,0,1,1.8132105599164738
0,157450,418,-33,-31,0,0,0,0,1,2.888941576765614
1,40140,417,19,35,6,2,0,1,-1,-0.2667271308365571
1,10320,172,4,-51,0,0,0,0,1,2.6566212733442853
0,4140,186,-67,-26,0,0,0,0,1,1.749613685518458
1,44010,961,167,109,1,1,1,1,1,4.37865798389177
0,9070,28,1,-30,0,0,0,0,1,2.114801435415739
1,37110,484,17,-3,1,0,0,1,1,6.182795825459699
0,56960,200,-70,-58,0,0,0,0,1,1.6557006467972322
0,20500,717,82,157,0,0,0,1,-1,-0.0002417705698682937
0,2540,19,12,-52,0,0,0,0,1,1.6069413315085015
0,6860,282,-45,13,0,0,0,0,1,1.8700419386377902
0,446210,1030,-40,-32,0,0,0,1,1,0.48122204347028585
0,43350,611,37,40,0,0,0,1,1,3.1489244944213652
0,13610,262,46,-19,0,0,0,0,1,2.6505693915433177
0,2580,115,-77,-49,0,0,0,0,1,1.2637492756272195
1,48020,688,61,33,0,0,0,1,1,5.329839744473691
1,254510,417,61,35,2,2,0,1,1,3.5298489535226274
0,30000,631,-9,17,2,1,0,1,1,5.741747808856175
1,26860,319,5,-37,0,0,0,1,1,3.608231576190594
0,424650,1069,1,7,2,0,0,1,1,3.8240181951201
1,17960,780,-38,0,0,0,1,1,1,3.7755670501834437
0,4080,19,73,-52,0,0,0,0,1,0.2612641250255301
0,18210,150,-54,-51,3,1,0,1,1,2.376264372094127
0,9680,139,14,-48,1,1,0,0,1,3.0293446514774907
0,26280,404,-13,-18,0,0,0,1,1,2.8820859535286125
0,9150,257,-11,-26,0,0,0,0,1,2.86672022939943
0,202640,588,-33,-41,2,1,0,1,1,5.436982227776067
1,546980,2212,-3,-7,1,1,0,1,1,0.39842754642766565
0,3610,16,-69,-60,0,0,0,0,1,1.0331353874648777
0,160350,828,-31,23,0,0,0,0,1,2.0962926028198723
0,6260,98,-26,-42,0,0,0,0,1,2.2155470071500822
0,10080,349,11,40,1,0,0,1,1,3.4896534270070276
1,100960,1183,244,138,1,1,1,1,1,0.5651457684868042
0,22220,415,-5,-11,1,0,0,1,1,4.3630264541209165
0,11690,235,-48,-52,0,0,0,1,1,1.7104853784057497
0,6040,112,-44,-24,2,1,0,0,1,3.2422704294491105
0,71080,767,88,94,5,3,0,1,-1,-0.8856168715315995
0,16130,322,2,2,0,0,0,1,1,2.791579982081572
0,4190,25,22,-38,0,0,0,0,1,1.8145593029086946
0,9670,186,-59,-7,0,0,0,0,1,1.7623261092508002
0,60710,782,92,79,3,1,0,1,1,3.653197320240139
0,465730,1325,-7,-12,1,0,0,1,1,3.0256435803776647
1,59950,865,19,18,1,1,0,1,1,6.8020066959785765
0,12080,310,-22,10,1,0,0,1,1,3.6110478254623892
1,16000,313,-38,-36,0,0,0,1,1,3.1160747199538967
0,18590,320,-34,-31,0,0,0,1,1,2.393173187134682
0,35570,505,25,9,0,0,0,1,1,3.2778005881430694
0,22480,508,227,195,0,0,0,0,-1,-0.2517611205437653
0,80210,525,18,32,3,1,0,1,1,5.416428696085763
0,4230,48,-92,-85,0,0,0,0,-1,-0.10813587945477465
0,9360,157,-69,-68,0,0,0,1,1,0.7458664904176437
0,10910,269,-30,-5,1,0,0,1,1,3.57264445031241
0,779850,2999,35,38,2,1,0,1,-1,-1.623690642019156
1,108260,891,-12,-7,5,3,0,1,1,1.5054176215238577
0,2290,6,-7,-85,0,0,0,0,1,0.6051121014832397
0,15470,286,163,12,0,0,0,1,1,0.2647345270715533
0,27230,430,-14,-18,0,0,0,1,1,2.896264580978869
1,156780,1301,10,6,4,3,0,1,1,1.1664127161866062
1,60460,191,56,29,0,0,0,0,1,3.730993306290088
0,127360,351,-54,-53,1,1,0,1,1,3.526808290776845
1,20910,546,179,233,0,0,1,1,-1,-0.47841350848533537
0,27540,291,28,-24,0,0,0,1,1,2.678979423489128
0,7340,213,-19,-28,0,0,0,0,1,2.7060810522319585
1,225040,575,-3,5,2,0,0,1,1,5.660062084737948
0,20740,510,66,104,0,0,0,0,1,1.5317664387688943
0,76490,1203,484,367,0,0,1,1,-1,-14.283465190823073
0,12170,226,30,-30,0,0,0,0,1,2.601489118183828
0,5310,287,-58,15,0,0,0,0,1,1.4136339213556965
1,4650,104,-62,-57,0,0,0,0,1,1.5846893477977844
0,7040,37,-8,-26,2,1,0,0,1,3.2636429205304864
1,24650,391,-30,-30,0,0,0,1,1,3.6008801805757997
1,28440,405,-19,-27,0,0,0,1,1,3.8922545522137924
0,6470,98,-7,-41,0,0,0,0,1,2.280415612691943
0,19390,469,-39,10,0,0,0,1,1,2.1348117963894957
0,37490,224,-70,-51,0,0,0,0,1,1.7698714802451505
1,64200,198,86,35,1,1,0,0,1,4.213112608166647
0,6910,25,-85,-66,0,0,0,0,1,0.5474851924409094
1,7860,165,-21,-28,0,0,0,0,1,3.1398324444102954
0,443740,1321,20,10,0,0,0,1,1,1.7795127265866917
0,25200,318,-20,-40,1,0,0,1,1,3.806126869249681
0,9790,422,-4,-6,0,0,0,1,1,2.8977125915613975
0,1650,21,-79,-69,0,0,0,0,1,0.617931967354771
1,58410,113,84,88,0,0,0,0,1,2.2417603847613172
0,782750,1593,9,-17,2,0,0,1,1,1.7766123079571265
1,9380,234,-13,-3,0,0,0,0,1,3.650624355575122
1,12300,424,34,39,0,0,0,0,1,4.344200491437952
1,11660,330,26,49,0,0,0,0,1,3.7832993139470794
1,53730,1444,116,117,1,0,0,1,1,3.084254524894636
0,114540,488,-23,0,2,0,0,0,1,3.7341482723285857
0,10850,131,55,49,0,0,0,0,1,1.7237985013638841
0,8210,247,-44,-23,0,0,0,1,1,2.043252389588268
1,10150,326,-25,-3,0,0,1,1,1,3.906480933618653
0,30650,80,38,66,1,1,0,0,1,1.6286380460110763
0,5440,126,-18,-28,1,1,0,0,1,3.404619160095681
0,29690,636,-10,18,1,1,0,1,1,4.690799122925732
0,45350,469,14,21,4,1,0,1,1,3.455546561628026
0,20090,74,-78,-62,0,0,0,1,1,0.47277868104443144
2,52680,985,33,60,1,0,2,1,1,0.3692245598095525
1,211440,403,24,38,4,2,0,1,1,4.505717725032753
0,13960,36,-85,-74,0,0,0,0,1,0.4206157315030552
0,30650,424,29,-8,1,0,0,1,1,4.494866844039226
0,163510,1534,13,23,2,0,0,1,1,2.5230794014154725
1,32670,476,103,95,1,1,0,1,1,4.777385133157225
1,4120,67,-40,-59,0,0,0,0,1,1.7893488436689253
0,325750,1068,50,67,1,0,0,1,1,3.932340089767095
0,23190,368,-22,-27,0,0,0,1,1,2.6753928411112646
0,2410,39,-52,-24,0,0,0,0,1,1.6582165880889335
0,96080,433,60,92,0,0,0,0,1,1.8655463959750733
0,3280,40,-41,-23,1,1,0,0,1,2.71760924861578
1,17300,367,-40,-27,0,0,0,1,1,3.355642401735043
0,14580,321,-60,-47,0,0,0,1,1,1.6674522469155342
0,31250,430,-16,2,3,0,0,1,1,1.8767818533232479
1,13880,507,-22,11,0,0,0,1,1,4.119174856998907
0,14000,160,81,-20,0,0,0,0,1,1.585874931733077
0,21050,458,72,70,1,0,0,1,1,3.550095820113853
0,8960,28,-71,-51,0,0,0,0,1,1.1712730656157646
1,45650,664,55,34,0,0,1,1,1,5.850575661023711
0,14610,373,56,15,0,0,0,0,1,3.000400941707916
0,6220,76,-26,-65,0,0,0,0,1,1.6729589015866004
0,40070,501,16,-11,0,0,0,1,1,3.2320932328293566
0,16290,463,-4,-17,1,0,0,1,1,4.359781286770673
1,19420,60,98,20,0,0,0,0,1,2.176438428320182
0,28570,336,3,-13,1,0,0,1,1,4.292208051040507
0,2260,17,-29,-58,0,0,0,0,1,1.614738967239962
0,22470,307,98,26,1,1,0,0,1,3.017204135653337
1,10920,136,58,-16,1,1,0,0,1,3.644918076184826
0,6020,129,-71,-64,0,0,0,1,1,0.7155846354897193
1,45450,491,63,2,1,1,0,1,1,6.205219767685872
1,57040,754,99,52,1,0,0,1,1,6.418350121262819
0,20380,162,-58,-59,2,1,0,1,1,3.0032537869898093
0,59210,175,-54,-61,0,0,0,0,1,1.896174295324343
1,14040,408,49,29,0,0,0,0,1,4.449085477942898
0,4760,35,-94,-73,0,0,0,0,1,0.13953966660311679
1,60340,495,68,96,5,3,0,1,-1,-0.8648220863009932
1,10210,394,169,251,0,0,0,0,-1,-2.2284002622927517
0,49440,491,56,-7,3,1,0,1,1,4.87877669357194
0,5020,32,77,-20,0,0,0,0,1,1.0918918883958817
0,1070,10,-64,-75,0,0,0,0,1,0.7531580284617547
0,720,2,-62,-95,0,0,0,0,1,0.018712204961374823
0,5930,31,-26,-22,0,0,0,0,1,2.0321533750906156
0,58720,513,175,8,0,0,0,1,1,0.38058439371566166
0,71650,1173,-53,-40,1,0,0,1,1,1.2851733536376777
0,64150,872,133,81,1,0,0,1,1,3.7388109774741842
0,60100,94,-43,-52,2,2,0,1,1,0.8738131796554285
0,15870,312,31,26,1,0,0,0,1,3.87386765500473
0,134870,2096,-17,4,4,2,0,1,-1,-1.554644242362965
1,8670,151,-25,-58,0,0,0,0,1,2.308492888935511
0,5280,232,-43,5,0,0,0,0,1,2.0208698401971326
0,95050,860,-16,-22,2,0,0,1,1,4.00079534102208
1,11500,30,-3,-25,0,0,0,0,1,2.6693680035066016
0,73420,1202,53,96,5,2,0,1,1,0.2762475970616265
0,219070,475,15,-4,0,0,0,0,1,3.176466756193797
1,32110,427,9,2,1,1,0,1,1,6.213970953082097
0,64930,273,-35,-33,1,0,0,0,1,3.9104964870652417
1,664090,1824,-12,5,2,2,0,1,1,0.00033233177285296733
0,120690,150,-18,-43,0,0,0,1,1,2.1528462574509213
0,48930,769,54,46,0,0,0,1,1,3.1776313188443552
0,28130,347,-19,3,3,2,0,1,1,4.0874140169599436
0,36600,341,20,37,3,0,0,1,1,1.2959691965509563
0,28660,471,-3,-6,1,1,0,1,1,4.897241806511772
1,31710,352,-20,-9,2,2,0,1,1,3.1055385781294476
0,15130,372,18,51,0,0,0,1,1,2.1114158396903697
1,13120,19,-73,-81,0,0,0,0,1,0.19900418037441625
0,3610,154,-67,-55,0,0,0,0,1,1.5497327806031294
0,93120,1238,-32,-38,1,0,0,1,1,1.6881244850127857
1,134640,611,-41,-16,0,0,0,1,1,3.9336477413957454
0,2890,28,2,-30,0,0,0,0,1,2.0839568979157512
0,10870,220,-51,-40,0,0,0,1,1,1.7905456468458958
0,3330,37,-42,-39,2,2,0,0,-1,-0.00024170603975548488
1,23710,387,-32,-31,1,0,0,1,1,4.812849366119256
0,2290,29,-15,-28,0,0,0,0,1,2.089562284971638
0,54980,115,-72,-66,1,1,0,1,1,1.9180149571332485
1,6510,187,-35,-19,0,0,0,0,1,3.0837090584133016
1,40480,639,51,-2,0,0,0,1,1,4.869569132818317
0,33580,268,-39,-13,1,0,0,1,1,3.588955169960375
0,2390,50,-73,-77,0,0,0,0,1,0.6423898561369654
0,1189240,2159,-3,-12,3,2,0,1,-1,-4.559985166616267
0,2810,7,15,-82,0,0,0,0,1,0.448460956994591
0,302440,1250,-16,9,2,2,0,1,1,3.164843611122315
0,3890,46,81,15,0,0,0,0,1,1.418760105321656
1,11920,141,21,-60,1,1,0,0,1,2.7381252604994657
0,6920,158,-41,-32,0,0,0,1,1,1.8544089690335142
1,8190,64,-11,36,0,0,0,0,1,2.224957099009444
1,148160,1282,1,0,2,2,0,1,1,3.3862717867965166
1,29800,627,12,-4,0,0,0,1,1,4.794724898682006
1,12370,346,2,15,0,0,1,1,1,4.544615709046937
1,14300,275,33,14,0,0,0,0,1,4.078382124581026
0,715390,1923,36,36,1,1,0,1,1,2.896446541631864
1,25490,546,-18,2,0,0,0,1,1,4.351931569488627
1,42840,248,24,5,3,0,0,1,1,2.262284655264761
0,1766860,2899,32,18,0,0,0,1,-1,-8.121192910018584
1,127770,1141,7,24,4,2,0,1,1,5.037473868065895
1,8550,205,-15,-11,0,0,0,0,1,3.509816816885504
1,33540,570,-6,34,0,0,0,1,1,4.4026143283612775
0,25050,353,-7,-19,0,0,0,1,1,2.8633651083223164
0,48630,126,-48,-35,0,0,0,1,1,1.7648694182413713
0,7400,24,-23,-40,0,0,0,0,1,1.98105305636782
0,42560,379,-73,-57,1,0,0,0,1,2.7115553484987807
1,13060,81,96,-18,0,0,0,0,1,1.491940296447119
0,8670,216,-51,-32,0,0,0,1,1,1.8197759994166098
1,54820,585,-41,-37,3,1,0,1,1,4.583991609633198
1,27940,334,74,39,0,0,0,1,1,4.362235744929556
1,6920,100,-26,-69,0,0,0,0,1,1.6818185174507185
1,26740,583,83,60,2,2,1,1,1,2.9850792925685
0,9890,89,-63,-79,1,0,0,1,1,1.4186575111057742
0,18780,498,21,76,1,0,0,1,1,2.7561748110509967
0,811060,2877,45,28,2,2,0,1,-1,-3.8941607880718347
1,60910,882,55,62,2,0,0,1,1,5.641079487411574
0,9660,511,-4,47,0,0,0,0,1,2.0698932276812805
1,30980,480,11,0,0,0,0,1,1,4.754239443044035
1,42470,326,26,42,2,2,0,1,1,3.2640925104600242
0,112300,263,-55,-65,0,0,0,0,1,1.887318324330014
0,5050,55,99,38,0,0,0,0,1,1.1654625941916947
0,3250,127,-47,-20,0,0,0,0,1,2.0439807272943114
0,18240,87,-53,-72,2,1,0,1,1,2.3072621598688094
0,3510,27,-22,-35,0,0,0,0,1,2.0221733003783697
0,11890,475,23,10,0,0,0,1,1,3.0895565613997853
0,91420,774,-61,-49,4,1,0,1,1,1.9133636432021746
1,19040,50,7,0,0,0,0,0,1,2.9829474255477315
0,1380,56,-49,40,0,0,0,0,-1,-3.451678045607309e-05
0,8160,148,-51,-57,1,1,0,1,1,2.612684736245342
0,15170,414,-56,-54,0,0,0,1,1,1.660741303051143
1,179710,274,5,-42,4,3,0,1,1,0.3780008580610037
0,641120,1571,-17,6,1,1,0,1,1,2.8569176285947186
0,21760,250,-54,-48,2,2,0,1,1,1.2018970180432298
0,93020,2422,158,140,1,1,0,1,-1,-5.68891343647482
0,12960,194,27,3,0,0,0,0,1,2.7211577214544356
0,8380,47,-78,-85,1,0,0,1,1,0.694775908477741
0,37360,171,-21,0,1,0,0,0,1,3.5738972146005423
1,195510,321,-61,-57,1,0,0,0,1,2.9698278421464614
0,3650,41,-44,-46,1,0,0,0,1,2.6912200383749436
0,16360,149,-28,-63,1,1,0,1,1,2.7855031112495894
0,122640,979,10,21,6,4,0,1,-1,-3.5055204375567666
1,48650,73,-51,-51,0,0,0,0,1,1.989375071226359
1,48250,573,9,44,3,1,0,1,1,5.996647169348414
1,48440,76,86,11,0,0,0,0,1,2.5196354815447606
0,5890,301,-43,-13,0,0,0,0,1,2.4525491805005615
0,3460,47,14,18,0,0,0,0,1,1.837825819721246
1,8780,226,-10,-1,0,0,0,0,1,3.653353255370419
0,77040,772,143,-7,1,0,0,1,1,2.0578261260971935
1,37840,468,-57,-47,2,2,0,1,1,1.491737205524828
0,166180,448,-30,-19,1,1,0,1,1,4.800448977995039
0,207930,614,-6,18,2,2,0,1,1,3.940143803129903
2,34900,798,-12,30,0,0,2,1,-1,-0.3510517347859192
1,14390,329,34,36,0,0,0,0,1,4.117363441376792
0,18250,67,95,68,0,0,0,0,1,0.9930338955450573
1,14570,326,-8,-18,0,0,0,1,1,3.9400517548562064
0,25280,158,-54,-35,1,0,0,0,1,3.1167784452607137
0,41740,331,37,29,2,2,0,1,1,2.8060071676673424
1,58230,279,8,27,0,0,0,0,1,3.998412701622552
1,32830,85,33,31,0,0,0,0,1,3.0593300023506806
0,48560,726,105,58,0,0,0,1,1,3.113353750900977
0,70450,1244,145,58,0,0,0,1,1,1.3844161434671527
1,2580,94,-79,-62,0,0,0,0,1,0.9297512479544672
0,627380,3155,-1,54,1,1,0,1,-1,-4.483637545846086
1,10520,72,46,1,1,0,0,0,1,3.886618509594591
1,68130,162,-9,-9,2,2,0,1,1,2.5880057501483584
0,26960,540,101,112,0,0,0,1,1,1.9377804170739843
0,27630,733,-23,-27,0,0,0,1,1,2.3571612595788416
0,60200,449,32,24,5,3,0,1,1,2.310362282803922
1,23000,157,-28,-17,1,0,0,0,1,4.206539601649297
0,24900,159,-57,-29,0,0,0,0,1,2.050631526963919
0,42640,576,264,150,0,0,0,1,-1,-0.3257556607660881
1,34350,462,15,5,0,0,0,1,1,4.808828369191964
0,1950,19,-26,-52,0,0,0,0,1,1.75550964983346
0,3330,17,26,-58,0,0,0,0,1,1.2217731671961793
1,29550,486,-16,-13,0,0,0,1,1,4.2795817773872145
0,10300,144,13,-22,0,0,0,0,1,2.591784254473108
0,16840,318,-28,-17,0,0,0,1,1,2.5161951572511896
0,37580,574,33,23,0,0,0,1,1,3.282278331508973
1,18170,408,50,35,0,0,1,1,1,5.163220101477414
0,951410,1332,98,-7,0,0,0,1,-1,-2.7137088454936737
1,25850,595,100,83,0,0,1,1,1,5.272457075316439
1,348780,723,-23,4,1,1,0,0,1,4.464665086237197
0,1661100,1772,52,32,1,0,0,1,-1,-6.3911216659528485
1,105810,958,-27,-26,3,1,0,1,1,5.377780016665817
0,29290,235,-20,24,1,1,0,0,1,3.272502255045655
0,3320,98,-52,-44,0,0,0,0,1,1.8570011334580876
1,18510,289,-42,-42,0,0,0,1,1,2.8459264987985833
0,3510,19,22,-52,0,0,0,0,1,1.4743898327996732
1,11140,295,4,22,0,0,0,0,1,3.8949732182754886
0,368340,1325,-28,-4,1,0,0,1,1,2.8810734616937843
0,675030,1992,12,-14,4,1,0,1,-1,-6.794783677577243e-05
1,32830,1134,17,75,0,0,1,1,1,3.5425685245843432
0,117120,1095,-22,-24,3,2,0,1,1,4.188383702610839
0,63550,325,15,35,0,0,0,0,1,2.729036766899277
0,40210,193,-71,-59,1,0,0,0,1,2.5258930596946527
0,48530,485,90,87,2,1,0,1,1,3.545315186327521
1,11830,201,-27,-18,0,0,0,1,1,3.2241641155862375
1,1200,15,-79,-74,0,0,0,0,1,0.25280260713105207
1,29060,660,125,103,1,1,1,1,1,5.246422300181884
0,10590,256,-19,-2,0,0,0,1,1,2.386234549328634
1,6330,327,-33,4,0,0,0,0,1,3.4694717322599473
1,7400,206,-31,-15,0,0,0,0,1,3.246323948655899
1,21860,196,-16,-60,0,0,0,1,1,2.307261868404783
0,1256570,3289,86,88,3,2,0,1,-1,-9.467026369271615
0,498400,1647,-4,-8,1,1,0,1,1,3.143098365612083
0,22300,55,2,17,0,0,0,0,1,1.9048464347564327
2,26590,552,-34,-13,0,0,2,1,-1,-1.38970954504045
0,55130,800,88,61,0,0,0,1,1,3.145212810715474
0,10100,295,-35,16,0,0,0,1,1,1.8100595360175014
1,18680,586,-47,-44,2,1,0,1,1,4.818782502997895
0,2440,63,-10,58,0,0,0,0,1,0.24013280283355343
0,209760,919,46,89,0,0,0,0,1,1.7825891084424406
1,44770,770,-22,2,1,0,0,1,1,5.657357521530429
0,35800,341,16,38,0,0,0,1,1,2.4772646971327497
0,18410,30,-33,-61,0,0,0,0,1,1.6347534591360997
0,768080,2124,8,24,1,1,0,1,1,2.4234722954229575
1,30110,1068,199,207,1,0,1,0,1,0.9198819441153923
0,10250,177,-18,-29,0,0,0,0,1,2.6333902701454193
0,372380,1264,-26,-9,0,0,0,1,1,1.1485029564270484
1,6450,163,-30,-48,0,0,0,0,1,2.6116028511686267
0,45080,468,3,-6,3,2,0,1,1,4.853910674118783
0,58200,219,-27,-38,1,0,0,0,1,3.8163264535467896
0,17180,310,-50,-47,0,0,0,1,1,1.8952763007988338
0,11020,589,10,69,0,0,0,0,1,1.6237640123039832
1,140090,380,-40,-46,0,0,0,1,1,3.1111736140125643
0,56810,285,-35,-27,5,2,0,1,1,1.6054431508709932
0,39890,66,69,39,1,1,0,0,1,2.2985856718584223
2,22210,658,-48,0,0,0,1,1,-1,-0.09243652143250713
1,12430,32,14,-20,0,0,0,0,1,2.730314574945897
0,34150,346,17,38,2,1,0,1,1,4.880856989445537
0,1350,112,-80,-36,0,0,0,0,1,1.2037564350476337
0,441960,1006,-42,-33,3,0,0,1,1,0.7295959267964385
0,4390,16,95,-60,0,0,0,0,-1,-0.8193932734897125
0,12640,57,-63,-52,0,0,0,0,1,1.459914244945935
0,233810,839,-31,-24,0,0,0,1,1,2.3534880510743577
1,9450,349,1,12,0,0,0,0,1,4.114502879105608
1,18800,67,-51,-23,0,0,0,0,1,2.266730129320589
1,22930,328,88,36,0,0,0,0,1,3.931724725208383
2,25050,678,227,186,0,0,2,0,-1,-5.347379034577818
1,189170,371,9,22,1,0,0,1,1,5.8443937348998
0,9550,24,-86,-77,0,0,0,0,1,0.26145510331262045
0,28600,601,120,130,0,0,0,1,1,1.7648015795190695
0,434360,1584,-38,-60,2,0,0,1,-1,-6.214830901640767e-05
0,14070,504,25,81,0,0,0,1,1,1.4601697216537772
1,4170,224,-78,-64,0,0,0,1,1,0.9822625456520662
1,28520,483,-19,5,3,3,1,1,-1,-0.2237703250566092
0,90240,1080,177,77,0,0,0,1,1,1.6667755463890117
0,43490,352,26,24,0,0,0,1,1,2.9260278279632708
1,8190,325,-13,3,0,0,0,0,1,3.9000681234657293
2,24620,490,222,106,1,1,2,0,-1,-4.444603718372862
1,19420,591,9,29,0,0,0,1,1,4.728777943394668
0,4200,74,54,85,0,0,0,0,1,0.2953913994791044
0,29990,203,-55,-75,3,1,0,1,1,1.7243115038763364
0,1260100,2519,-12,-5,1,1,0,1,-1,-1.07509686689464
0,13250,32,-71,-79,0,0,0,0,1,0.6073318268563206
0,227990,734,-52,-59,2,1,0,1,1,4.204725242874339
0,17250,228,-11,-32,1,0,0,1,1,3.7142095695902704
0,23930,426,-20,-13,0,0,0,1,1,2.803106880865972
0,8450,121,-63,-70,0,0,0,1,1,0.732410256900522
0,26620,356,-18,-15,0,0,0,1,1,2.773126641273638
0,4760,94,-23,37,0,0,0,0,1,0.9995903369910586
1,8820,280,-4,-10,0,0,0,0,1,3.8808319844318184
0,42210,662,78,44,2,0,0,1,1,3.828308729070244
0,259110,1409,-11,46,1,1,0,1,1,3.4259996175656404
0,26400,510,13,9,0,0,0,1,1,3.1561064966370864
0,55890,1204,-3,34,5,0,0,1,-1,-3.977259505879111
0,2570,10,18,-75,0,0,0,0,1,0.7111545713255794
1,11230,383,19,22,0,0,0,0,1,4.316018181958373
0,8440,261,-30,6,0,0,0,0,1,2.3716247434157793
1,8660,205,16,188,1,0,1,0,-1,-3.4713817937744462
1,12580,120,-73,-74,1,1,0,0,1,1.2768618414144015
0,7160,182,-13,-34,0,0,0,0,1,2.6197414458628003
0,11610,315,-21,3,0,0,0,1,1,2.4348607425600193
0,72250,339,-70,-65,0,0,0,0,1,1.6285260231901084
0,45990,349,59,94,3,2,0,1,1,1.2146448603577795
0,18440,403,-50,-34,0,0,0,1,1,2.1183093489762896
0,3100,22,4,-45,0,0,0,0,1,1.85184127445374
0,4150,262,-64,-49,0,0,0,1,1,1.4194243487572287
1,15300,295,-40,-41,0,0,0,1,1,2.9111973385924763
0,40420,269,-42,-31,0,0,0,1,1,2.263620760353181
0,36020,487,15,18,1,1,0,1,1,4.940159153312724
0,46020,267,-18,6,1,0,0,0,1,3.8676046442183996
0,317360,1068,-36,-44,0,0,0,1,1,0.8830346314559208
2,81430,886,90,34,0,0,1,1,1,1.424807637584376
0,15640,326,67,1,1,1,0,0,1,3.6679459007151287
0,118860,1122,4,2,0,0,0,1,1,2.185800830781453
0,340,6,-87,-85,0,0,0,0,-1,-0.09842446124617155
0,8100,300,-12,35,0,0,0,0,1,2.015024166250331
1,12900,201,-50,-59,0,0,0,1,1,1.8962380648171688
2,52510,917,23,39,1,0,1,1,1,2.162412630048024
0,90330,913,98,75,4,2,0,1,1,2.5718526374007276
0,9920,221,37,36,0,0,0,0,1,2.3473087840878186
1,13000,311,-50,-36,0,0,0,1,1,2.809611736644353
1,40610,672,22,25,0,0,0,1,1,5.109643029958107
1,43270,673,29,28,0,0,0,1,1,5.190138668928377
0,172290,437,-57,-55,1,1,0,1,1,3.4457606727217076
0,270040,717,10,-14,2,2,0,1,1,3.94764529864786
1,73180,488,11,20,5,3,0,1,1,1.9249623316790974
1,18970,301,-27,-38,1,0,0,1,1,4.487795323706525
0,4170,181,-49,-34,0,0,0,0,1,2.1924065821323033
0,11740,46,-90,-96,1,0,0,1,-1,-0.09102190939944421
0,63760,195,-73,-65,0,0,0,1,1,0.9506450972458005
0,17050,404,-2,-30,1,1,0,1,1,4.49083057259185
0,34600,389,-13,6,4,0,0,1,-1,-0.9997515124806107
1,18820,396,-45,-28,0,0,0,1,1,3.265466996796551
0,41950,135,-39,-36,1,0,0,0,1,3.3801432455579175
0,2430,19,-24,-52,0,0,0,0,1,1.7651597603676166
0,45180,370,98,44,4,2,0,1,1,2.158717544106409
1,32690,380,-31,-5,2,2,0,1,1,2.97140589388194
1,29520,779,-28,-32,0,0,0,1,1,3.348753796270614
1,7170,170,-27,-26,0,0,0,0,1,3.105375061521773
0,18580,753,-7,25,0,0,0,1,1,2.437631122905003
0,119460,269,-70,-64,0,0,0,0,1,1.569743949756301
0,31450,286,47,-40,0,0,0,1,1,2.048485356792039
0,4380,134,-60,-31,0,0,0,0,1,1.8352958576260185
0,6660,274,-29,-15,0,0,0,0,1,2.696295164198858
2,45020,936,-1,35,1,0,1,1,1,1.6663645124474868
1,19810,364,-34,-12,0,0,0,1,1,3.6630532937984697
0,28020,51,12,-14,0,0,0,0,1,2.3083320586947806
0,1371400,3040,91,63,1,1,0,1,-1,-5.004303430586523
0,66680,430,-17,9,2,1,0,1,1,5.64496915744872
1,21510,290,72,16,1,0,0,0,1,4.8784497760782415
0,20150,64,-51,-62,1,0,0,0,1,2.4496835497399765
0,3990,231,66,98,0,0,0,0,1,0.7969102689671921
1,253510,2069,98,76,4,2,0,1,-1,-1.6224257443741443
0,32130,427,18,13,0,0,0,1,1,3.10998422236392
0,77540,174,-75,-73,0,0,0,0,1,1.1258474287715288
0,6370,34,-68,-39,0,0,0,0,1,1.3285539072421528
0,9710,248,-72,-57,0,0,0,1,1,1.0815807760579652
0,2360,16,-54,-71,0,0,0,0,1,1.054605160776351
1,69230,955,162,106,2,0,1,1,1,3.8195848551516534
0,69660,362,-10,-8,2,2,0,1,1,3.2896871994502206
1,3560,83,-79,-67,0,0,0,1,1,0.4202431032241485
1,13330,671,-64,-39,0,0,0,1,1,2.28403060164878
1,67480,141,-10,-44,3,2,0,0,1,1.20022722507467
0,87740,357,-30,-24,0,0,0,0,1,3.0438310300187936
0,32220,513,-8,-6,2,1,0,1,1,5.8471692224877465
0,1650,46,-37,15,0,0,0,0,1,1.2401347458173895
0,6650,27,-21,-32,0,0,0,0,1,2.0573890915755584
1,8720,175,-48,-31,0,0,0,1,1,2.5143500157175147
0,45670,382,26,5,5,1,0,1,1,0.45257571853892387
0,43600,194,-48,-48,0,0,0,0,1,2.259920198276369
0,8170,274,-32,11,0,0,0,0,1,2.239907211068399
1,51560,1088,52,8,0,0,0,1,1,4.067989332425466
0,1582550,2545,23,1,0,0,0,1,-1,-5.348153990240046
1,20260,722,-19,-42,0,0,0,1,1,3.261651508299643
1,67200,945,102,76,2,0,0,1,1,5.168368799767837
0,29310,445,214,38,0,0,0,0,-1,-0.30601839727768976
0,28500,337,-26,-22,1,1,0,1,1,4.313358668630446
0,2196220,3848,62,51,3,1,0,1,-1,-13.97818404681086
1,34110,408,112,70,3,2,0,1,1,2.3589904321873973
0,53900,320,-36,-20,2,0,0,1,1,3.406303382208943
0,41410,630,38,29,0,0,0,1,1,3.2879343905922447
1,11730,336,34,13,0,0,0,0,1,4.272247041838021
0,9220,277,-2,-11,0,0,0,0,1,2.969033217695344
1,19420,60,98,20,0,0,0,0,1,2.176438428320182
0,7290,185,-20,0,0,0,0,0,1,2.453197246937833
1,33800,316,-5,2,2,1,0,1,1,6.237335075204101
0,43660,281,-44,-29,1,1,0,1,1,3.855124248056793
1,20720,284,13,-11,0,0,0,1,1,4.071830205407341
0,1449990,1581,51,12,0,0,0,1,-1,-4.9059185853180125
1,11040,316,191,181,0,0,0,0,1,0.9312682548732809
0,1870,11,-24,-72,0,0,0,0,1,1.2118234552688598
1,13550,358,-7,-2,0,0,1,1,1,4.403181954498905
0,9000,241,31,40,0,0,0,0,1,2.2899265895391565
0,73930,94,-55,-76,1,0,0,1,1,1.8685744220030642
0,24360,351,-25,-16,2,2,0,1,1,2.7371268553959247
1,7440,130,-26,-43,0,0,0,0,1,2.6659437849734324
0,36930,534,14,-13,0,0,0,1,1,3.197973680663214
2,53180,1048,34,70,0,0,2,1,-1,-0.45972190569385774
1,11160,543,-41,7,0,0,0,1,1,3.581451851690634
0,20660,335,-42,-39,1,1,0,1,1,3.7743092273136583
1,47370,1333,62,71,0,0,1,1,1,3.592601403313516
0,579440,2343,38,41,1,0,0,1,1,0.36887945250852994
1,3430,18,-88,-74,0,0,0,0,-1,-0.00022378536026224083
0,61710,376,-29,-6,4,1,0,1,1,2.9245813494109463
1,27670,305,283,53,0,0,0,1,-1,-2.777886605576878
1,25130,455,-13,-42,1,0,0,1,1,4.892927230633404
0,11210,296,-66,-29,0,0,0,1,1,1.5845798494931458
0,37270,293,-31,-23,3,1,0,1,1,4.180775380801368
0,1400,58,-62,-47,0,0,0,0,1,1.4942853415925654
0,3100,184,-72,-47,0,0,0,0,1,1.5736340797523312
0,920,9,-65,-78,0,0,0,0,1,0.639529682653567
0,8210,351,-52,-37,0,0,0,1,1,1.964558718466069
0,5480,223,-21,27,0,0,0,0,1,1.8765484390927725
0,15650,664,45,42,1,1,0,1,1,4.6759429294124395
0,25680,515,-14,2,0,0,0,1,1,2.86926219394773
2,18900,208,-81,-67,1,0,0,0,-1,-4.043116551018867
1,59840,696,124,7,2,1,0,1,1,5.316684097999165
0,8180,273,-28,12,0,0,0,0,1,2.2993574318362846
0,127010,1388,-30,-22,3,0,0,1,1,0.4237941266246352
1,4500,207,-58,-14,0,0,0,0,1,2.5507423837170506
1,4040,92,-57,-72,0,0,0,0,1,1.1491125987989967
1,12800,213,-22,-20,0,0,0,1,1,3.3419905037356905
1,7560,133,-34,-47,1,0,0,0,1,3.443228341480065
1,10220,434,-45,-14,0,0,0,1,1,3.406949536843296
1,30610,1260,37,112,1,1,0,1,1,2.9113201521561436
0,12950,428,-38,-31,0,0,0,1,1,2.369493655446405
0,560,7,-84,-82,0,0,0,0,1,0.08340281362889357
1,13200,199,-18,-15,0,0,0,1,1,3.393804451928215
1,39970,831,196,147,0,0,1,1,1,3.4491368203481336
1,24750,62,-1,28,1,0,0,0,1,3.646386682677278
0,12070,296,0,20,1,1,0,0,1,3.803946263410378
0,1270,9,-75,-78,0,0,0,0,1,0.43669955380790526
1,38360,759,29,83,1,0,0,1,1,5.234034831916361
1,29650,93,-51,-20,0,0,0,0,1,2.4279266902542176
0,17220,529,-50,-41,0,0,0,1,1,1.965945827834858
1,20080,370,-24,-20,0,0,1,1,1,3.920566213327561
0,7060,241,-44,-4,0,0,0,0,1,2.2116676351515707
1,12430,187,-32,-41,0,0,0,1,1,2.7122636360997596
0,16960,130,-56,-34,1,0,0,0,1,2.9488104821919556
0,14010,340,-53,-32,1,1,0,1,1,3.5602665954545927
0,11620,23,-76,-71,0,0,0,0,1,0.6873280994616664
1,41230,487,152,70,1,1,0,1,1,4.3168046384326075
0,590,11,-74,-72,0,0,0,0,1,0.6311718154182735
1,11230,27,2,-32,0,0,0,0,1,2.5370178120574174
0,8690,262,-6,18,0,0,0,0,1,2.5121606382945494
0,5710,195,-77,-61,0,0,0,1,1,0.7598940366378955
1,16110,402,23,23,0,0,1,1,1,5.012901605248789
1,3110,164,-73,-54,0,0,0,0,1,1.541623264720073
0,79790,1419,39,80,3,2,0,1,1,2.067801163609005
0,23220,112,-53,-45,0,0,0,0,1,1.947462782245161
0,1034700,1837,33,-6,1,0,0,1,1,1.2703639900478585
1,20040,402,60,61,0,0,0,0,1,4.121242934802957
1,16060,335,83,74,0,0,0,0,1,3.6792702542852
1,22260,422,-25,2,0,0,0,1,1,4.02680900965834
1,22270,53,-23,-3,1,0,0,0,1,3.7194690495410185
0,5280,294,-40,-1,0,0,0,0,1,2.3366682626080113
1,155540,363,74,79,0,0,0,0,1,3.689814401261213
0,25480,484,-20,-8,1,0,0,1,1,4.261086092293144
0,45630,155,49,52,0,0,0,0,1,1.8731175072352286
1,147570,259,-30,-31,3,2,0,1,1,3.220241513766929
0,9280,43,-57,-90,1,0,0,0,1,1.256291441709184
1,190960,1651,58,45,2,0,0,1,1,3.346725391758401
1,26860,458,244,153,0,0,0,1,1,1.0921228776810317
0,44180,203,-10,13,0,0,0,0,1,2.544594305007326
0,3090,18,5,-55,0,0,0,0,1,1.6035050035094152
0,32430,527,1,-18,0,0,0,1,1,3.0740189232701916
1,53380,108,-13,-8,3,2,0,0,1,1.8037619542263528
0,29320,526,125,101,1,0,0,1,1,3.0222331922777492
0,3860,53,-68,-77,0,0,0,0,1,0.7627160834256053
1,81410,441,-19,-56,3,2,0,1,1,2.946549373213493
1,56350,999,26,19,2,2,0,1,1,4.2809524145999625
1,15300,29,-19,-45,0,0,0,0,1,2.2446203176167074
1,20140,248,-43,-57,1,0,0,1,1,3.416102658647315
1,42390,356,-48,-7,3,1,0,1,1,4.317143339678996
1,15930,177,-57,-29,2,1,0,1,1,3.8502709665421158
1,25850,476,1,-6,0,0,0,1,1,4.566124110669989
1,8070,404,270,278,0,0,0,0,-1,-4.151181396494872
0,4160,189,-67,-24,0,0,0,0,1,1.741552918497053
0,105160,284,34,66,1,0,0,1,1,2.9789432980714103
0,682910,1486,-2,-18,2,0,0,1,1,2.0404078988106704
0,2870,22,-40,-45,0,0,0,0,1,1.7594779959059572
0,50090,699,-5,19,3,1,0,1,1,5.5608974376806195
0,3380,262,-68,-30,0,0,0,0,1,1.858351864359399
0,4720,186,-62,-26,0,0,0,0,1,1.8920980557845404
1,59060,264,65,85,1,0,1,0,1,4.29996013790478
0,8910,209,-22,-7,0,0,0,0,1,2.5983345090465733
1,8260,343,-39,2,0,0,1,1,1,3.553332035424507
0,63950,297,11,-6,0,0,0,1,1,3.0212487176279232
1,17050,476,-9,-5,0,0,0,1,1,4.385152344062977
1,46580,260,-56,-48,1,0,0,1,1,3.5580501691724287
0,21680,368,-24,-21,0,0,0,1,1,2.672472276705072
0,16030,236,-28,-36,2,1,0,1,1,4.427902010048225
0,2440,16,-27,-60,0,0,0,0,1,1.5731724953955677
0,45940,702,67,45,0,0,0,1,1,3.265172629718151
1,13330,443,29,26,0,0,0,0,1,4.498707368423872
0,64540,215,0,9,1,0,0,0,1,3.9065588053407687
0,1062280,1982,-27,-27,2,1,0,1,1,0.4593857626233486
0,2970,19,0,-52,0,0,0,0,1,1.72183241429709
0,6980,85,0,-49,0,0,0,0,1,2.0639474965885505
0,10050,342,-41,-39,0,0,0,1,1,2.1727971117876805
1,6790,238,-37,-2,0,0,0,0,1,3.18242922582332
0,40370,755,223,202,0,0,0,0,-1,-0.12835862389022168
0,26130,260,-15,-21,6,3,0,1,-1,-0.9133978475053475
1,1061760,1443,-3,0,1,0,0,1,-1,-0.7960464671118821
0,23210,264,12,-27,1,1,0,1,1,4.209015984211717
1,4030,127,-13,48,0,0,1,0,1,2.282544007184832
0,10040,216,7,-33,0,0,0,0,1,2.718473086452299
0,3720,43,75,8,0,0,0,0,1,1.4887746950586873
2,43730,832,10,35,0,0,2,1,1,0.08252686213993599
1,1127430,3031,58,90,1,1,0,1,-1,-5.268010528583501
0,1190,9,-45,-78,0,0,0,0,1,0.9080743297044478
1,5000,163,-50,-29,0,0,0,0,1,2.5940704063560602
1,92520,169,-73,-74,1,0,0,0,1,1.936425061538742
0,69440,266,41,30,0,0,0,0,1,2.831004013492951
0,3310,17,33,-58,0,0,0,0,1,1.0865793581076346
0,38170,784,-27,12,3,1,0,1,1,5.058825977849299
0,4490,177,-60,-49,0,0,0,0,1,1.8450088805917844
1,37810,238,26,23,6,5,0,1,-1,-9.158113393690385
0,4410,76,-23,53,0,0,0,0,1,0.2303355648045624
0,212260,729,-50,-28,2,1,0,1,1,5.301593113631444
1,698810,1279,-11,-14,3,0,0,1,1,9.839672635791885e-05
1,11400,50,14,0,0,0,1,0,1,2.943635520406872
0,19240,370,-43,-31,0,0,0,1,1,2.28314952255457
0,18840,434,126,158,1,0,0,0,1,0.7273174756889453
1,24150,364,176,90,1,0,0,0,1,3.173711184460778
0,27780,386,-15,-8,1,0,0,1,1,4.234907574699545
1,94110,314,-76,-58,0,0,0,0,1,1.800165588502015
1,2190,29,-69,-42,1,1,0,0,1,1.9249920985854203
1,24530,626,180,226,0,0,0,0,-1,-0.00036305793862823066
0,14140,200,-39,-50,0,0,0,1,1,1.828034413519518
0,54030,335,-3,13,6,3,0,1,-1,-0.055269305618296016
1,17600,543,-6,8,0,0,0,1,1,4.544093597408704
1,14970,409,39,69,0,0,0,0,1,3.705436200952878
1,25430,634,-11,-17,0,0,0,1,1,4.275704720092804
0,29150,259,0,18,1,1,0,1,1,4.067941898111837
0,12880,62,-35,12,0,0,0,0,1,1.4918861302356277
0,20380,338,-24,-22,1,1,0,1,1,4.292082223032825
1,9410,383,-37,2,0,0,1,1,1,3.7324745351550916
0,33310,541,40,18,0,0,0,1,1,3.292071397241088
1,3530,131,-71,-46,0,0,0,0,1,1.6719392918344802
1,32050,645,7,56,1,1,0,1,1,5.78007433294702
0,1980,18,-43,-55,0,0,0,0,1,1.5653369842003073
0,52780,350,-30,-16,1,1,0,1,1,4.42779173792966
0,23040,318,-39,-28,2,1,0,1,1,4.676936637360232
0,3580,84,-49,-50,0,0,0,0,1,1.79907870463526
0,27810,499,-17,-9,0,0,0,1,1,2.89076323832969
0,44190,696,201,129,1,0,0,1,1,1.9320210363167298
0,38800,38,17,-45,2,1,0,0,1,2.9232804568746076
0,46540,729,69,51,1,1,0,1,1,4.74136347529144
0,1330,54,-88,-76,0,0,0,0,1,0.289163689090266
1,200350,1668,43,24,0,0,0,1,1,1.517582121972712
1,36250,361,42,-28,0,0,0,1,1,3.8055849264062047
1,1860,33,-78,-30,1,0,0,0,1,2.069121900793533
0,912890,2001,25,37,0,0,0,1,1,8.502760391948527e-05
1,9590,222,-49,-64,1,1,0,1,1,2.8173915682712263
2,124850,1014,191,53,0,0,1,1,-1,-1.6177504848091964
0,19740,888,103,105,0,0,0,1,1,2.2282020341744477
2,37170,881,-8,39,0,0,2,1,-1,-0.4141647168597018
0,28140,443,-6,-14,0,0,0,1,1,3.006082267228347
0,10730,205,-5,-16,0,0,0,0,1,2.8046100711093516
1,11550,204,8,-16,1,1,0,0,1,4.562287754278287
1,12980,436,-13,16,0,0,1,1,1,4.504101410808833
1,715540,1471,-13,-4,2,2,0,1,1,0.000100986896196531
1,35910,636,8,19,0,0,0,1,1,4.911426134606231
1,7920,178,-53,-30,0,0,0,1,1,2.4027671796409393
1,12600,266,-60,-47,0,0,0,1,1,2.183268638421289
0,290,3,-67,-92,1,0,0,0,1,0.8293168536567812
1,52000,134,44,97,0,0,0,0,1,1.5868910536684062
0,39040,231,-26,-5,1,0,0,0,1,3.7850917392209666
1,39980,629,14,43,2,1,1,1,1,6.9285937996542835
0,5590,261,-40,-16,1,1,0,0,1,3.552468091266366
0,16480,44,-14,-20,0,0,0,0,1,2.2194999267339774
1,61770,1062,31,90,6,2,0,1,-1,-1.6444087046198739
0,21280,217,-1,-43,0,0,0,1,1,2.2615137563370773
0,788230,1484,-1,-1,0,0,0,1,-1,-2.318163654635441e-05
1,46640,1439,88,116,0,0,0,1,1,1.82708987501222
0,1345240,3510,-17,16,0,0,0,1,-1,-7.9821652377841
0,44980,597,45,19,0,0,0,1,1,3.382119246708278
1,44150,951,134,88,0,0,0,1,1,4.488766395407865
0,11330,246,-9,-2,0,0,0,0,1,2.79721520972781
1,68830,633,96,13,2,0,0,1,1,5.105180445950271
1,23800,540,82,65,0,0,1,1,1,5.396689482828059
0,72300,155,-14,-82,1,0,0,0,1,2.316938443024604
1,32660,290,31,-42,0,0,0,1,1,3.1967978055350343
1,10900,176,34,4,1,1,0,0,1,4.525873114386183
0,11190,27,4,-32,0,0,0,0,1,2.0912396376437243
0,23710,481,-25,-42,0,0,0,1,1,2.462742409383786
1,25460,412,-14,-2,0,0,0,1,1,4.2627086809968695
0,64290,495,34,31,3,1,0,1,1,5.247731151734996
0,27390,674,-17,30,0,0,0,1,1,2.2715280700455622
1,5690,100,-53,-59,0,0,0,0,1,1.7145760271520913
1,691310,1416,-14,-6,0,0,0,1,1,0.04659167836473799
1,4930,109,-59,-31,1,0,0,0,1,3.0744846637661425
0,2720,23,-34,-42,0,0,0,0,1,1.8566051199055202
0,39510,204,12,40,1,0,0,0,1,3.0965551712516906
1,23880,488,-4,-22,0,0,0,0,1,4.142503565117924
1,23040,482,201,103,0,0,0,0,1,2.5422786679226625
1,1496830,1645,21,15,3,2,0,1,-1,-8.462145643630162
0,64920,690,103,7,1,0,0,1,1,3.9058330993852444
1,27490,55,39,11,0,0,0,0,1,2.9891650273492445
0,42090,794,30,50,2,2,0,1,1,3.1673841029839878
0,13160,46,-71,-76,0,0,0,0,1,0.7423119744052862
0,3030,29,15,-28,0,0,0,0,1,2.0321162034643834
1,25710,365,-25,-33,1,0,0,1,1,4.863339872911595
0,3040,63,-43,26,0,0,0,0,1,0.7969158420054434
0,10140,176,12,-5,0,0,0,0,1,2.713432109101916
1,22990,395,-8,-12,0,0,0,1,1,4.236979781743219
0,50840,719,46,32,1,0,0,1,1,4.754898876360706
2,47250,961,517,305,1,1,2,0,-1,-15.569317809441685
1,45330,648,72,40,2,2,1,1,1,3.705052640681128
1,15930,171,-2,-21,0,0,0,1,1,3.3735436291865497
0,38560,741,237,166,1,0,0,1,1,0.37527134941678497
0,2520,83,-85,-75,0,0,0,0,1,0.48200576899481007
0,27450,512,16,0,1,1,0,1,1,5.04441985481046
1,53860,346,96,96,5,1,0,1,-1,-2.1810171242665284
0,18600,29,60,-42,0,0,0,0,1,1.0561333045436179
0,11720,178,-39,-47,1,1,0,1,1,3.1949423295537116
0,144520,407,-34,-27,1,0,0,0,1,4.166553240637864
1,52200,828,95,27,1,0,0,1,1,6.180478629777639
1,84880,807,233,82,1,1,0,1,1,1.4470479948151755
0,104340,1269,221,108,0,0,0,1,-1,-0.0003547146351898789
0,10970,342,17,9,1,1,0,0,1,4.218787683802017
0,4150,67,-95,-87,0,0,0,0,-1,-0.22105722584817045
0,4400,67,-64,-71,0,0,0,0,1,1.0589648929217645
0,42140,525,187,72,1,0,0,1,1,2.113857584671642
0,32580,494,150,89,3,3,0,1,-1,-3.7507050207092902
0,69070,505,-4,35,5,3,0,1,1,2.2097046116731818
0,26220,707,51,22,0,0,0,1,1,3.2105420630061623
1,17290,278,-30,-39,1,0,1,1,1,4.142297625177129
1,19300,509,60,69,0,0,1,1,1,5.13128130381347
1,30740,318,83,22,1,1,0,1,1,5.3170493201517495
0,41340,89,42,12,0,0,0,0,1,2.249534413096466
1,55310,644,107,-1,3,2,0,1,1,3.4277788047790487
0,3540,186,62,74,0,0,0,0,1,1.331776452637392
0,19890,236,-40,-55,1,0,0,1,1,3.042819020616072
0,41120,132,-21,-43,0,0,0,0,1,2.4604079883116547
1,121520,247,-25,-26,1,1,0,1,1,4.985783476616451
0,22890,283,104,23,0,0,0,1,1,2.0797957026751632
0,750,15,-73,-62,0,0,0,0,1,0.8888905478222142
1,24360,444,-20,-31,0,0,0,1,1,3.8160022424770297
0,24890,363,-26,-32,1,1,0,1,1,4.2440075175400445
0,329680,1268,-24,-26,1,0,0,1,1,2.82014128237687
0,1620,11,-30,-72,0,0,0,0,1,1.2029059385831076
0,380320,1545,-40,-24,4,1,0,1,1,1.5841144338434887
1,20060,57,87,12,0,0,0,0,1,2.302827392304547
1,541040,1295,-26,-19,4,3,1,1,-1,-3.2584442026222256
1,61140,306,22,-69,8,5,0,1,-1,-12.829986071591161
0,464220,1808,16,10,2,1,0,1,1,4.462457596254733
0,20760,324,41,6,1,1,0,1,1,4.431040228965774
0,12740,203,-33,-39,0,0,0,1,1,2.0744275429601764
0,64990,802,77,32,1,0,0,1,1,4.66011894966239
1,29380,381,18,-15,0,0,0,1,1,4.356134158043282
1,2480,145,-80,-40,0,0,0,0,1,1.4984431469477961
1,18400,46,-68,-60,0,0,0,0,1,1.1790346297914738
0,65800,259,-58,-49,1,0,0,0,1,3.2362193371697643
1,28130,304,15,-28,1,0,0,1,1,5.09635758161463
0,38530,952,21,81,0,0,0,1,1,1.3811482433159128
0,43290,663,36,26,0,0,0,1,1,3.3038428143825698
0,5640,193,-48,0,0,0,0,0,1,1.9158135410930548
1,61620,1211,176,104,0,0,0,1,1,2.9275263809685583
0,2150,13,-18,-68,0,0,0,0,1,1.3437246470020021
0,18130,463,-51,-24,0,0,0,1,1,2.1358174168155593
0,7330,102,5,-42,0,0,0,0,1,2.234352853153389
0,2700,14,-3,-65,0,0,0,0,1,1.3682907981577017
1,48110,433,92,-13,0,0,0,1,1,3.5140236995500693
0,10410,422,4,21,0,0,0,0,1,2.8693556725873393
0,144880,361,-46,-52,1,0,0,1,1,3.456547834058444
0,12200,580,105,310,0,0,1,0,-1,-8.407002436931212
1,66510,215,93,50,1,1,1,0,1,4.251807354921436
0,7120,227,-23,2,0,0,0,0,1,2.489978557754174
0,38450,343,26,85,1,0,0,0,1,1.9858393577830853
0,8460,223,-32,-11,0,0,0,0,1,2.522675548159995
1,943300,987,-23,-30,2,1,0,1,-1,-1.615779268202676
1,12260,413,31,32,1,1,0,0,1,5.431922008088026
0,4420,60,-2,28,0,0,0,0,1,1.5196028212286876
0,80100,867,150,35,2,1,0,1,1,3.305671126608569
1,107250,168,43,-8,0,0,0,1,1,3.6341830599842737
0,7870,141,-71,-67,1,1,0,1,1,1.8150405176459898
1,49930,1525,43,49,2,1,0,1,1,4.605339766338453
1,45530,736,37,37,0,0,0,1,1,5.2117982696853815
1,39700,805,-17,5,3,1,0,1,1,6.014917601040185
1,10070,243,-6,0,0,0,0,0,1,3.7677683208161277
0,481630,1678,-10,17,0,0,0,1,1,0.38290174658603604
0,1560,15,-48,-62,0,0,0,0,1,1.353364999550763
0,10040,300,7,-7,0,0,0,0,1,3.0398775751192773
1,34230,551,15,33,1,0,0,1,1,6.214479995355742
0,28910,307,115,20,0,0,0,1,1,1.9384457182143322
0,85240,140,-47,-51,1,1,0,1,1,3.084648128144739
0,47690,518,42,63,6,4,0,1,-1,-3.8971955324369834
0,15740,222,4,-27,1,0,0,1,1,3.770971250136533
1,2160800,4518,35,57,4,2,0,1,-1,-16.540224450262244
0,13640,210,123,33,0,0,0,0,1,1.5623511899271634
0,40350,645,24,5,0,0,0,1,1,3.2991033893096713
0,54830,694,46,68,5,3,0,1,1,1.2500726744051
1,62860,596,154,31,3,3,1,1,-1,-2.8460059789940075
0,430,3,-71,-92,0,0,0,0,1,0.0002874560047985142
0,1138340,2106,-20,-20,2,0,0,1,-1,-0.429862467726128
1,22900,481,-32,-8,0,0,0,1,1,3.9273854528739243
1,14180,348,-24,-44,0,0,0,1,1,3.1988723343851504
0,2440,104,-71,-61,0,0,0,0,1,1.2295046082612195
1,8690,251,-34,-23,0,0,1,1,1,3.220190239504987
0,372770,975,37,32,3,3,0,1,1,0.6135814198763825
0,31900,643,-28,-24,2,2,0,1,1,3.0089397193068415
0,3540,53,-71,-77,0,0,0,0,1,0.6991893734533079
1,273200,2387,89,71,2,1,0,1,-1,-0.6368941714689846
1,15050,52,-61,-38,0,0,0,0,1,1.8162544998827705
0,6150,25,97,-38,0,0,0,0,-1,-2.2317977585117887e-05
1,104410,631,54,50,3,2,0,1,1,5.390588673845436
0,218630,645,-11,14,1,0,0,0,1,4.2583703960259776
0,1018360,2263,-19,-12,0,0,0,1,-1,-1.2068061473927294
0,70740,154,-50,-36,0,0,0,1,1,1.848209018111806
0,13880,248,9,2,0,0,0,0,1,2.893866987367719
1,64380,844,94,57,4,3,0,1,1,0.9509155532183442
0,7220,218,-29,16,0,0,0,0,1,2.034594905741198
1,10980,327,-16,0,0,0,1,1,1,4.130248903651829
0,25580,120,-54,-53,1,0,0,0,1,2.804320343313652
1,49410,74,-33,-69,2,0,0,0,1,1.502465480969196
1,31800,769,295,313,0,0,1,1,-1,-5.975064520562308
0,9700,216,-22,-14,0,0,0,0,1,2.6824785818834087
1,175660,251,76,72,0,0,0,0,1,3.17836437407588
1,20840,52,-14,-3,0,0,0,0,1,2.847673622235469
1,9060,165,-67,-66,0,0,0,1,1,1.110677411793791
0,26210,512,-13,4,0,0,0,1,1,2.870979421909226
0,12150,118,-52,-36,1,0,0,0,1,2.969750907890841
1,93510,1375,86,120,3,2,1,1,1,0.16227236078176688
0,2052510,3635,55,46,1,1,0,1,-1,-11.908188142161272
1,59820,855,100,65,2,2,0,1,1,3.240537555927588
0,21060,106,-61,-82,0,0,0,1,1,0.3822957409589769
0,15040,458,50,32,1,1,0,0,1,4.131233448445386
0,26830,192,-77,-88,1,1,0,1,1,1.0477356851728956
0,8510,104,22,-38,0,0,0,0,1,2.1599118697788846
0,5780,163,-36,-25,0,0,0,0,1,2.383587457997006
0,12400,402,9,44,0,0,0,1,1,2.221620118284445
0,7320,177,-71,-65,0,0,0,1,1,0.8058760963229439
0,103380,2701,193,187,1,0,0,1,-1,-9.246402265093074
1,13550,326,8,30,0,0,0,0,1,3.9378072857135322
1,21000,523,-61,-44,1,0,1,1,1,3.55133021165269
0,82480,172,-34,-21,1,0,0,1,1,3.5453920224160846
1,12000,379,-5,64,0,0,1,1,1,3.459717708800266
0,72780,269,-48,-52,1,0,0,0,1,3.419005265622978
0,1150,6,-59,-85,0,0,0,0,1,0.48497148684304037
1,15710,308,101,70,0,0,0,1,1,3.77845090355925
1,48240,565,187,116,0,0,0,1,1,3.38451019340458
0,154470,263,-21,-24,3,1,0,1,1,4.474635697999862
1,36380,222,-32,-2,1,0,0,0,1,4.445684171602974
0,23920,359,-45,-57,1,0,0,1,1,3.12969825149154
0,5130,115,-55,-49,0,0,0,0,1,1.8052971464700853
0,30750,508,-4,-21,0,0,0,1,1,3.0058417846638577
0,8820,243,50,-5,0,0,0,1,1,2.443477987445071
1,12670,350,-55,-25,0,0,0,1,1,2.9028485199912346
1,17470,643,-9,23,1,1,0,1,1,6.055373699763454
0,9940,226,-49,-32,1,1,0,1,1,3.3580575294800745
0,10420,62,-85,-86,1,0,0,0,1,0.8919248622465972
0,2760,24,2,-40,0,0,0,0,1,1.9548993141710156
1,34660,516,23,-20,0,0,1,1,1,4.734864158567149
1,96600,383,87,70,0,0,0,0,1,4.130328312336815
1,5930,120,-65,-54,0,0,0,1,1,1.3774545293567328
0,20350,439,39,44,0,0,0,1,1,2.7522753717304553
1,25250,668,-50,-9,1,0,0,1,1,4.685463539481862
0,189840,1276,-50,-45,6,1,0,1,-1,-4.105742812537368
0,6130,129,-27,-50,0,0,0,0,1,2.182931663329164
1,20250,45,13,-10,0,0,0,0,1,2.942203649855248
2,71540,608,80,-1,2,0,2,1,-1,-1.3863220135387735
0,25510,60,-75,-60,0,0,0,0,1,1.101547628455922
0,2650,18,7,-55,0,0,0,0,1,1.5816047353303269
1,54860,989,233,115,0,0,1,1,1,2.2627370226553225
1,111950,997,-8,-13,4,3,0,1,1,1.7565221829957558
0,8030,224,31,42,0,0,0,0,1,2.1729966794194553
0,4310,29,15,-28,0,0,0,0,1,2.0381189471897905
0,9050,17,-79,-81,0,0,0,0,1,0.30205149685503585
0,2070,14,-23,-65,0,0,0,0,1,1.4405478231100908
0,67040,785,111,84,2,2,0,1,1,1.1733590776348528
1,13930,423,-26,-32,0,0,0,1,1,3.611979648183109
1,6340,18,10,-70,2,1,0,0,1,1.7111492123339005
0,95020,859,-20,-25,1,1,0,1,1,4.6257742171265015
0,48990,194,-27,-3,1,0,0,0,1,3.6517909004515303
0,1620,55,-85,-72,0,0,0,0,1,0.4842976000999819
0,2780,19,8,-52,0,0,0,0,1,1.6520461112245144
0,8620,239,-58,-31,0,0,0,1,1,1.7021315730187148
1,13320,153,-52,-68,1,0,0,1,1,2.4193783934883157
0,3110,23,6,-42,0,0,0,0,1,1.8947254096068527
0,28710,454,207,40,1,0,0,0,1,0.35259128139686524
0,1340,21,-42,-48,0,0,0,0,1,1.6907108768119983
0,17370,379,-42,-26,0,0,0,1,1,2.323704178273637
1,12520,321,37,3,0,0,0,0,1,4.170443725218984
0,53320,203,-31,-39,1,0,0,0,1,3.7051777175895566
1,39410,1146,12,9,1,0,0,1,1,5.013710720202301
0,10730,542,16,30,0,0,0,1,1,2.839959078588276
0,4810,142,-49,-56,0,0,0,0,1,1.864847543884565
0,25630,423,-24,-21,0,0,0,1,1,2.7398495308570006
0,40850,340,-16,18,2,2,0,1,1,2.760985855048272
0,3860,77,-38,12,0,0,0,0,1,1.4507879958980183
0,17730,134,97,-38,0,0,0,0,1,0.499919597061691
1,65790,822,107,64,1,0,0,1,1,6.319780801096751
0,82460,154,-17,-16,0,0,0,1,1,2.403863312090852
0,154830,1252,33,11,2,2,0,1,1,3.43389229673296
0,11190,245,10,31,0,0,0,0,1,2.353839654443391
1,68200,137,-5,-38,0,0,0,0,1,3.0966383734793794
1,14990,185,-49,-51,2,1,0,1,1,3.5469894611447863
1,132520,1174,-31,-39,1,1,0,1,1,3.755673997926568
1,34820,550,16,6,0,0,0,1,1,4.945851821664679
1,640820,1235,-25,-23,1,0,0,1,1,1.6180273834423033
0,13540,437,-20,-21,0,0,0,1,1,2.7299648338759006
1,722590,2125,-17,30,2,0,0,1,1,0.5061425879314676
0,9980,170,-54,-13,1,0,0,0,1,2.9683133663106958
0,7400,25,-12,-38,0,0,0,0,1,2.0379721844462395
1,20160,262,-40,-39,3,3,0,1,-1,-1.2466175240122084
0,7920,248,-23,-28,0,0,0,0,1,2.7461983584136718
2,24740,530,223,123,1,0,2,0,-1,-3.8783799552884997
0,145440,358,-3,-28,0,0,0,1,1,2.9995677905485607
1,820600,3506,92,97,2,1,0,1,-1,-8.303866576763363
1,49070,587,28,-20,2,1,0,1,1,6.912194180765958
0,3550,38,-89,-82,0,0,0,0,1,0.048036581179953686
1,15030,484,-5,22,0,0,0,1,1,4.388834407015047
0,6980,37,-10,-81,1,1,0,0,1,1.5486705082168548
0,24160,362,-23,-32,0,0,0,1,1,2.6151384250584258
0,203850,476,-14,-32,1,0,0,0,1,4.2104867985733385
0,5240,18,-96,-96,1,1,0,1,-1,-0.5327215188605372
1,6260,114,-49,-53,0,0,0,0,1,2.0170919523363224
0,20250,157,-41,-39,4,3,0,1,1,3.754340549022572e-05
0,13690,147,-66,-67,2,1,0,1,1,2.4208661710355024
0,28900,692,0,-13,0,0,0,1,1,2.9094471042003924
1,26960,514,85,41,0,0,1,1,1,5.401620660941536
1,836500,2313,55,19,4,0,0,1,-1,-4.376247848385308
1,54770,1913,445,450,0,0,2,0,-1,-15.56287611114439
1,44500,660,49,59,2,2,0,1,1,3.8634138445272512
1,83570,488,-24,-3,3,2,0,1,1,4.74556587677138
1,22830,608,53,61,0,0,1,1,1,5.45195647756363
0,447360,1332,-37,-33,2,1,0,1,1,3.7634968276038556
0,12030,308,-16,-26,0,0,0,1,1,2.6006052544993885
0,21040,402,-38,-25,1,1,0,1,1,4.138089707882777
0,716630,1677,-8,14,2,2,0,1,1,0.2467283921506791
1,150220,709,53,-25,2,0,0,1,1,5.224816496703255
1,29990,354,79,35,1,1,0,1,1,5.608424479622197
1,13200,505,6,102,1,0,0,0,1,2.6030775288412684
0,8080,294,-48,4,0,0,0,1,1,1.7263627752313084
0,43380,693,83,36,0,0,0,1,1,3.234884829572348
0,32620,718,0,17,0,0,0,1,1,2.8529485641285675
0,13990,307,-58,-43,0,0,0,1,1,1.75351894921328
0,1310730,1504,13,9,2,1,0,1,-1,-2.16288445173646
1,91210,2362,267,255,0,0,0,1,-1,-9.701952789886978
1,29160,435,-2,-1,0,0,0,1,1,4.522081247067007
1,12290,471,30,49,1,1,0,0,1,5.248954665957829
0,28360,434,-19,-20,0,0,0,1,1,2.834975766695486
0,33660,248,9,28,4,2,0,1,1,3.5320815216006274
1,19370,63,-49,-20,0,0,1,0,1,2.0466624379903458
1,17730,568,-1,24,0,0,0,1,1,4.5649492840864845
0,36400,411,-7,-5,2,1,0,1,1,5.6723995798007465
1,8620,172,-17,-55,0,0,1,0,1,2.220656972500308
0,50580,134,15,-18,0,0,0,0,1,2.704451192605923
1,35940,609,28,-6,0,0,1,1,1,5.211527577665549
0,18160,78,-57,-48,0,0,0,0,1,1.7187773638468329
1,13110,417,57,148,0,0,0,0,1,0.7356945957987548
0,20730,48,-39,-46,1,1,0,0,1,2.718529494405935
1,16540,213,2,-11,0,0,0,1,1,3.7158276812817093
1,67210,420,-31,-32,1,0,0,0,1,4.875791919325231
0,78580,1327,147,60,1,0,0,1,1,2.1266101234692343
1,2595650,4365,81,66,0,0,0,1,-1,-16.78291556509781
0,54750,233,-38,-40,0,0,0,0,1,2.6147838593995267
1,24690,565,56,42,0,0,0,1,1,5.074529522594393
0,4310,172,-30,9,0,0,0,0,1,2.046489764245294
1,54900,426,120,-15,0,0,0,1,1,2.511621556224913
0,15820,382,-32,0,0,0,0,1,1,2.391785334536788
0,44990,508,36,16,2,1,0,1,1,5.96549335094122
0,21240,138,-50,-52,1,1,0,1,1,2.793722794081777
0,34390,646,6,22,0,0,0,1,1,2.9804807425734623
2,27950,702,-31,10,0,0,2,1,-1,-0.8821475216851127
0,166700,363,-34,-56,0,0,0,1,1,2.101117343822615
0,7060,150,-69,-60,0,0,0,1,1,0.9077316487568368
0,8880,309,-48,-44,0,0,0,1,1,1.936143924140577
0,100190,303,54,52,0,0,0,0,1,2.5769656270123598
0,274170,997,15,34,0,0,0,1,1,2.8204035194074493
0,2850,10,12,-75,0,0,0,0,1,0.8125469241320644
0,60420,537,30,43,2,1,0,1,1,5.636220288656361
0,71660,532,-78,-74,2,1,0,1,1,2.6814956659417497
0,49480,579,42,6,0,0,0,1,1,3.3859449874000056
1,21060,242,-14,-42,0,0,0,1,1,3.124570808292816
0,28350,467,-19,-15,0,0,0,1,1,2.8615106839589046
0,21670,132,-31,-34,3,2,0,1,1,2.470915611397295
1,65150,952,25,60,4,3,0,1,1,1.6532871830027212
0,7570,69,69,67,1,0,0,0,1,1.6744366645203286
0,42820,150,28,9,1,0,0,0,1,3.623170303830083
0,104390,331,91,29,0,0,0,0,1,2.7284968565455507
1,14770,241,-19,-24,0,0,0,1,1,3.4485251814699964
0,927530,1777,-32,-32,1,0,0,1,1,0.20562661471561583
1,15290,436,75,47,0,0,0,0,1,4.365347926730259
0,3300,15,24,-62,0,0,0,0,1,1.11798271007763
1,11630,481,-27,21,0,0,0,1,1,3.8098880341703243
0,590,11,-74,-72,0,0,0,0,1,0.6311718154182735
0,57200,773,102,66,2,0,0,1,1,3.408420396710767
0,285750,791,1,-19,0,0,0,1,1,2.782173699702099
1,24570,434,-52,-53,2,1,0,1,1,4.218838444151768
0,5550,44,-31,-12,2,1,0,0,1,3.0940543617669256
0,13710,613,-21,6,0,0,0,1,1,2.5656670501943424
1,21000,483,40,28,1,1,1,1,1,6.557567135517129
0,17880,237,-40,-47,1,0,0,1,1,3.2133788575606594
0,9070,195,-11,4,0,0,0,0,1,2.5411473875826722
1,58570,481,110,0,1,1,0,1,1,4.83264701432908
1,5380,90,-18,58,1,0,0,0,1,2.318499779977497
1,23040,392,-10,-22,0,0,0,1,1,4.056125124987087
1,12270,24,-52,-62,0,0,0,0,1,1.3556905412147167
0,39900,573,45,19,1,0,0,1,1,4.73405941312938
0,122030,211,-42,-42,1,1,0,1,1,3.6556767012085025
0,42280,375,-17,-6,5,3,0,1,1,1.7938296279421202
1,37520,843,13,57,0,0,0,1,1,4.286475475376108
0,17540,252,-23,-48,0,0,0,1,1,2.1594311235719523
1,19810,209,21,-22,0,0,0,1,1,3.553324803404216
2,43740,1056,9,66,0,0,2,1,-1,-0.8711280012316109
1,31390,376,-7,18,2,0,0,1,1,4.814978381042639
0,18470,525,-46,-41,0,0,0,1,1,2.0679286026806913
0,53660,627,97,33,3,2,0,1,1,3.498481293304863
1,32270,631,8,52,1,1,0,1,1,5.927641209972325
0,7030,202,-78,-53,0,0,0,1,1,0.888610240848589
1,31460,396,13,-18,0,0,0,1,1,4.337359295800791
0,7660,221,-32,-9,0,0,0,0,1,2.4913557924970533
0,15400,24,-59,-69,1,0,0,0,1,1.9563796928299304
0,18160,378,-43,-41,0,0,0,1,1,2.1789949188564286
1,36770,657,25,57,1,0,0,1,1,6.012522985136631
1,3020,29,-53,-40,0,0,0,0,1,1.8295053580882872
1,22130,390,-10,-7,2,1,0,1,1,6.320467800731517
1,248900,739,-9,0,1,1,1,1,1,6.376841182283613
1,328050,707,51,0,1,1,0,1,1,6.1855218943871435
0,47370,296,-30,-28,4,2,0,1,1,3.303865153472813
1,39880,342,15,21,3,1,0,1,1,5.566130124477802
0,2930,408,-77,67,0,0,0,0,-1,-1.5907378038872437
1,22260,493,-13,11,1,1,0,1,1,5.946634221834824
0,4350,22,48,-45,0,0,0,0,1,1.1770702645027384
1,35800,722,27,11,0,0,1,1,1,5.494531774750715
0,22710,68,-57,-70,0,0,0,0,1,1.2752037989343599
0,194580,697,-35,-32,0,0,0,1,1,2.499265471670224
1,51620,186,51,34,1,0,0,0,1,4.682353640729907
1,23820,525,63,44,0,0,1,1,1,5.527000215169295
0,23650,212,34,-33,2,2,0,1,1,1.882095414827802
1,19120,36,-24,-20,0,0,0,0,1,2.6276109676428554
1,12280,290,14,20,0,0,0,0,1,4.0185141130609985
1,22610,242,193,30,0,0,0,0,1,0.3467678567959105
0,8620,201,-51,-37,0,0,0,1,1,1.760399907031971
1,22890,81,-63,-58,0,0,0,0,1,1.5140368680183443
1,28920,659,114,96,0,0,1,1,1,5.1530808633569904
0,4190,43,-58,-49,0,0,0,0,1,1.5184736469669282
0,94190,2191,161,117,5,2,0,1,-1,-8.009133158644495
0,25750,494,9,-3,0,0,0,1,1,3.152213702210897
0,2940,65,-20,-40,0,0,0,0,1,2.139017104337835
0,2960,91,-19,-16,0,0,0,0,1,2.300019528736719
0,18820,299,75,24,1,0,0,0,1,3.5698842056052627
1,38880,689,197,110,1,0,1,1,1,4.262849383130714
0,12490,122,-59,-39,1,1,0,0,1,2.679720083732086
0,2102300,4014,27,26,2,0,0,1,-1,-13.273926152832546
0,9010,255,-28,2,0,0,0,0,1,2.479396542407418
0,1970,17,-14,-58,0,0,0,0,1,1.6309254028639835
0,12240,452,33,104,0,0,0,0,1,0.5900707100090834
1,14830,492,-21,-2,0,0,0,1,1,4.171852447296505
1,1096910,2037,31,29,2,1,0,1,1,0.8189134448564239
1,4230,126,-55,-61,0,0,0,0,1,1.696359400978345
1,15190,367,-39,-18,0,0,0,1,1,3.4762565367504195
0,53170,461,9,23,5,2,0,1,1,3.1735453780286775
1,763520,2079,5,36,0,0,1,1,-1,-1.8973949056743855
1,32240,61,65,18,0,0,0,0,1,2.8027859237565984
0,17050,367,19,-12,0,0,0,1,1,2.957667856835819
0,10590,442,223,218,0,0,0,0,-1,-1.265854838574036
1,29720,482,287,195,0,0,0,0,-1,-1.058615391622535
0,63550,325,15,35,0,0,0,0,1,2.729036766899277
0,17670,538,4,-3,0,0,0,1,1,3.0675974448322023
0,18040,317,95,43,0,0,0,0,1,2.4398205095245977
0,27740,423,-13,-34,0,0,0,1,1,2.7446242120676025
1,121400,1063,-23,-29,2,0,0,1,1,4.085525060936426
0,19560,659,123,121,1,1,0,0,1,1.7802649084819322
1,7990,20,-34,-50,0,0,0,0,1,1.9224831282734058
0,8320,213,9,-10,0,0,0,0,1,2.835758542578425
0,7460,240,-28,-32,0,0,0,0,1,2.6569862072749117
0,58190,419,158,-14,0,0,0,1,-1,-0.0004450567371527825
0,2180,10,-24,-75,0,0,0,0,1,1.106062322473715
0,23440,514,151,59,1,0,0,0,1,2.7344902177863872
0,1600,11,-66,-72,0,0,0,0,1,0.8057212039665593
0,3420,14,5,-65,0,0,0,0,1,1.2939877321520754
0,6530,266,-48,6,0,0,0,0,1,1.9426883835751845
0,6760,136,-41,-39,1,0,0,0,1,3.1853275806879537
1,19340,218,18,-19,1,0,0,1,1,4.893965664074592
0,46400,652,43,7,0,0,0,1,1,3.3520568164326328
1,122820,1191,-39,-40,1,0,0,1,1,2.892425656852506
1,16460,586,79,92,0,0,0,0,1,3.983563755135524
1,9980,295,-20,18,0,0,0,0,1,3.520839017364601
0,4240,25,19,-38,0,0,0,0,1,1.8513685288315394
0,42450,429,99,-10,0,0,0,1,1,2.0695524285920612
0,24650,332,-29,-41,0,0,0,1,1,2.3914495056306038
1,54610,527,95,84,6,1,0,1,-1,-4.350442971060168
1,11320,472,-6,56,0,0,1,1,1,3.9933628079115557
0,12760,26,-9,-35,0,0,0,0,1,2.0946552760786687
0,13070,282,-11,-12,0,0,0,1,1,2.6352580980854334
0,65100,172,-82,-75,1,0,0,0,1,1.770317529313381
1,9670,277,-48,-56,0,0,0,1,1,2.2240555177955628
0,12560,469,0,88,0,0,0,0,1,0.40659574609738414
0,8680,188,31,7,0,0,0,0,1,2.639142879616731
0,950,4,-40,-90,0,0,0,0,1,0.45226954845642453
0,35830,407,54,-13,0,0,0,1,1,2.8473104779789296
0,102710,1159,-11,5,1,1,0,1,1,4.103306559584151
1,232470,361,28,11,3,2,0,1,1,4.802726314935942
0,8780,178,279,91,0,0,0,0,-1,-2.555586449786137
1,21860,283,39,14,1,0,0,1,1,5.517235512944691
0,36520,209,-55,-81,3,2,0,1,1,0.4723414549063918
0,10320,311,-65,-38,0,0,0,1,1,1.5989680915145144
0,53590,527,68,24,1,1,0,1,1,4.850310367247488
0,2820,25,10,-38,0,0,0,0,1,1.934303398630835
1,6340,102,-62,-60,0,0,0,1,1,1.2140454891817782
0,27960,740,110,91,0,0,0,1,1,2.699286892966036
1,4560,112,-63,-54,0,0,0,0,1,1.6661461446871328
0,4720,26,73,-35,0,0,0,0,1,0.8282150140964362
1,3410,33,-62,-32,0,0,0,0,1,1.7113082990000983
1,4520,50,-82,-80,0,0,0,0,1,0.08516456017860463
0,32550,167,17,-8,9,5,0,1,-1,-13.587307078671044
1,14000,286,-59,-48,0,0,0,1,1,2.2376229017342375
1,30990,525,5,25,0,0,0,1,1,4.7132680634669235
0,9680,210,-7,-45,0,0,0,0,1,2.542003531266303
1,45680,1276,84,92,1,1,0,1,1,4.557665562342198
0,46740,553,27,29,6,3,0,1,1,0.3375126340919046
1,7970,44,-32,-15,0,0,0,0,1,2.5176803239149734
1,32460,469,10,12,0,0,0,1,1,4.7811918363640125
0,12970,53,-65,-64,0,0,0,0,1,1.1998100479222558
1,43420,623,56,33,2,2,0,1,1,4.272356528539273
0,10160,437,-40,-21,0,0,0,1,1,2.3567917368918216
0,8980,189,-14,-50,0,0,0,0,1,2.390941670868518
1,5820,308,-37,-1,0,0,0,0,1,3.3643698642526054
1,5250,66,-49,36,0,0,0,0,1,1.1822801011982236
1,1049580,1807,31,21,0,0,0,1,-1,-1.4656813480835353
1,90960,2039,308,243,2,0,1,1,-1,-9.011633737042793
1,111510,169,-36,-63,2,0,0,1,1,2.398387752044748
1,12840,471,37,51,1,1,0,0,1,5.265996151723584
0,75930,305,-38,-27,1,0,0,0,1,3.9743701947526127
0,307540,1020,-44,-32,0,0,0,1,1,1.1772635833224818
0,14170,381,52,18,0,0,0,0,1,3.0310897140519906
0,42300,55,37,-10,1,0,0,0,1,3.128375412230124
0,6390,138,-29,-36,0,0,0,0,1,2.373801927516645
0,3420,74,-73,-70,0,0,0,0,1,0.9077455141667947
0,1490,10,-37,-75,0,0,0,0,1,1.0714241139707283
0,500,7,-83,-82,0,0,0,0,1,0.10923208546179097
0,31690,656,82,13,0,0,0,1,1,2.9948309923555776
0,15460,208,-50,-51,1,0,0,1,1,2.8703531099987387
0,8460,252,-18,-28,1,1,0,0,1,3.856879837255267
0,18960,178,-38,-47,3,2,0,1,1,2.185380034842563
1,19760,328,-42,-43,0,0,0,1,1,2.910842657903178
0,22530,328,-39,-46,1,1,0,1,1,3.690943034117307
1,61110,439,86,62,4,4,0,1,-1,-4.168977017286657
1,21430,776,-37,-19,0,0,1,1,1,3.578243989447813
1,36410,519,46,4,0,0,0,1,1,4.920847134327818
1,511560,2205,-9,-10,5,2,0,1,-1,-3.864147443247596
1,26120,341,62,39,1,1,0,1,1,5.7007216142877155
0,8050,30,-81,-78,0,0,0,0,1,0.3810147619699613
1,17930,347,668,323,0,0,2,0,-1,-17.01402319181275
1,10130,133,-67,-32,1,0,0,1,1,2.8852535069636325
0,18870,47,-19,-3,2,1,0,0,1,3.2732339884420334
0,22140,190,-2,-53,1,0,0,1,1,3.165027588491423
1,19640,556,-21,-11,0,0,1,0,1,4.069938447573662
1,9980,145,-3,-60,0,0,1,0,1,1.939754554128882
2,101280,1116,223,112,1,1,2,1,-1,-4.0988693478750005
0,43650,334,38,90,0,0,0,0,1,1.1451073640300713
1,57860,383,95,92,2,1,0,1,1,4.748073927890122
0,396530,1209,-10,-13,1,0,0,1,1,3.420877012346512
1,121870,935,-15,-26,2,2,0,1,1,3.5794114296742663
0,33900,682,7,29,0,0,0,1,1,2.856039736171887
1,8060,57,-81,-86,1,0,0,0,1,0.6489186690210964
0,7000,131,-40,-56,1,0,0,1,1,2.640231561843084
0,99160,514,-34,4,1,0,0,0,1,4.08381383974714
0,8180,136,-64,-66,0,0,0,1,1,0.856659028111391
0,51320,239,11,23,1,0,0,0,1,3.7607384316249686
0,920,9,-71,-78,0,0,0,0,1,0.5226541261393116
0,14810,45,41,12,0,0,0,0,1,1.9401531247391404
1,6690,163,-3,0,0,0,0,0,1,3.4561339771633897
0,19170,430,-1,29,0,0,0,1,1,2.539830287506426
0,37640,596,37,58,0,0,0,1,1,2.7264849816414802
1,38430,406,54,-10,0,0,0,1,1,4.319373325978628
1,6790,194,-30,-15,0,0,0,0,1,3.2193346247447607
1,47200,562,91,24,0,0,1,1,1,5.315101238003418
0,15080,306,-56,-48,0,0,0,1,1,1.7360556687575617
1,26470,37,-8,-47,2,2,0,0,1,0.00045001913357367584
1,169370,644,-53,-45,0,0,0,1,1,2.8310565439189723
0,48710,547,41,-3,0,0,0,1,1,3.3104800091607416
1,13170,59,-77,-67,0,0,0,0,1,0.7570605606814631
0,3760,22,-46,-45,0,0,0,0,1,1.6841083504233154
0,52120,695,66,55,1,0,0,1,1,4.467944198166972
1,27150,441,-11,-31,0,0,0,1,1,3.9406357446448013
1,154420,319,-46,-43,1,0,0,0,1,4.022817654966609
1,5420,163,-46,-29,0,0,0,0,1,2.6902894391388976
0,39050,305,-40,-19,3,3,0,1,1,0.1596273467855518
0,2920,20,-7,-50,0,0,0,0,1,1.8063096324166352
0,9840,421,-43,-28,0,0,0,1,1,2.2677206844064095
0,7100,227,-37,-19,0,0,0,1,1,2.11895783975579
0,7090,220,-38,-10,0,0,0,0,1,2.3873705712760014
1,2410,109,-76,-69,0,0,0,0,1,0.85134895636617
0,129740,306,-39,-44,0,0,0,0,1,2.6266187524422158
1,40820,78,87,95,0,0,0,0,1,1.7893431961538866
0,19260,53,97,32,0,0,0,0,1,1.2596034353586205
0,20750,329,88,42,1,1,0,1,1,3.551521622908318
0,44960,643,19,56,4,1,0,1,1,2.9780789580629836
1,30220,592,6,-6,1,1,1,1,1,6.346607436668943
0,3020,19,-66,-85,1,0,0,0,1,1.2119727470799724
0,20570,346,-7,-6,0,0,0,1,1,2.830707813081247
0,102720,265,-64,-66,2,1,0,1,1,3.2235411392777458
0,23630,294,-20,-29,3,3,0,1,1,0.24543972720960028
0,42950,172,-76,-61,1,0,0,0,1,2.2990919019244807
0,19910,568,-42,-3,0,0,0,1,1,2.231049409880736
0,18330,91,-57,-43,1,0,0,0,1,2.748077847893267
0,23170,348,-18,-25,0,0,0,1,1,2.711691439914187
1,37820,347,16,24,3,2,0,1,1,4.590345203351532
1,66520,685,118,7,0,0,0,1,1,3.8871726883586604
1,21900,276,128,71,1,1,0,1,1,3.855534990956926
0,5280,178,-29,-16,0,0,0,0,1,2.483664756198209
0,3470,84,-59,-69,0,0,0,0,1,1.2484383786785216
0,51950,144,-44,-17,2,0,0,1,1,2.578797738148861
1,19320,320,106,118,2,1,1,0,1,2.447804527344225
0,11710,70,-72,-47,1,0,0,0,1,2.228131397710449
2,34360,730,10,39,0,0,2,1,1,0.11078465270257354
0,79240,1381,124,47,0,0,0,1,1,0.949066836027491
0,40770,522,36,2,1,0,0,1,1,4.724472005283307
0,3130,25,6,-38,0,0,0,0,1,1.9654688842176355
0,46380,133,6,-16,1,0,0,0,1,3.751858103105114
1,10760,28,-1,-30,0,0,0,0,1,2.580281753663847
0,56650,693,64,23,1,0,0,1,1,4.7733721596992105
0,172530,2873,18,44,3,2,0,1,-1,-6.5075360139815075
0,269070,767,-1,4,2,2,0,1,1,4.084885476139856
0,303610,1034,-26,-21,0,0,0,1,1,1.8230990512460998
0,6010,215,-41,-38,0,0,0,0,1,2.390530471607267
0,4910,25,-58,-40,0,0,0,0,1,1.519842334445265
0,23160,393,-34,-28,0,0,0,1,1,2.510865477816427
0,42220,382,29,-9,1,0,0,1,1,4.468213851489335
0,26780,345,18,94,0,0,0,0,1,0.4467251662506513
1,10890,283,16,-9,0,0,0,0,1,3.989585396709497
0,3160,73,-75,-70,0,0,0,0,1,0.8557420814722008
1,176830,1297,54,56,5,2,0,1,1,2.331122529714058
0,19580,439,-44,-24,0,0,0,1,1,2.3203004367484574
0,14080,172,-38,-65,0,0,0,1,1,1.4084587433933855
0,10330,35,-11,-32,0,0,0,0,1,2.1452177987539827
1,29560,112,22,103,0,0,1,0,1,0.9447899694040913
0,23310,242,-2,-53,1,1,0,1,1,3.5353965426154517
1,19030,46,20,0,1,0,0,0,1,3.9550452745268316
0,47700,535,48,22,0,0,0,1,1,3.354865129245244
0,9470,79,-81,-84,1,0,0,0,1,1.124768859198646
0,8390,33,262,-65,0,0,0,0,-1,-8.208057016705803
0,26830,584,287,205,0,0,0,0,-1,-1.9783813211357142
0,42860,588,24,5,0,0,0,1,1,3.3426491008661507
1,22830,467,-19,-28,1,1,1,1,1,5.184342653049665
0,25920,369,17,0,0,0,0,1,1,3.0409331836697753
1,135210,3261,1245,838,2,0,1,0,-1,-18.253703988728187
0,77740,758,182,57,2,1,0,1,1,1.8851549154117606
1,36230,822,177,151,1,0,1,1,1,4.069490231752354
0,38820,213,-82,-57,1,0,0,0,1,2.2616281951956587
0,23580,462,34,46,1,0,0,1,1,3.99531465259647
0,298230,916,9,-2,0,0,0,1,1,2.87733596638936
0,84630,233,-75,-67,0,0,0,0,1,1.3757582215392254
1,35290,754,-16,-36,0,0,0,1,1,3.544785138794051
1,44730,79,-58,-49,0,0,0,0,1,1.9011644784114523
1,14190,384,62,30,0,0,0,0,1,4.330088387981732
0,9280,294,35,71,0,0,0,0,1,1.5612428316289062
0,37480,660,25,35,0,0,0,1,1,3.0616302114667455
1,48820,446,57,75,5,4,1,1,-1,-4.807265925923591
0,31440,361,-27,-22,3,2,0,1,1,3.8658650585364818
1,14980,267,-7,9,0,0,0,1,1,3.8638013055610436
0,7430,196,-70,-61,0,0,0,1,1,0.9601472708095358
0,336600,984,-32,-34,1,0,0,1,1,3.1687585535435083
0,1180,14,-57,-65,0,0,0,0,1,1.1503360570465553
1,44790,57,74,-3,0,0,0,0,1,2.4321020920356595
0,26550,330,-17,-23,2,1,0,1,1,5.166266612665222
1,11150,201,11,-12,0,0,0,0,1,3.6647474080733957
0,4290,45,41,12,0,0,0,0,1,1.8926647588124652
1,42350,1625,70,144,0,0,0,1,-1,-0.7622163428888165
0,21480,537,-32,2,0,0,0,1,1,2.465495891144254
0,106610,546,26,43,6,2,0,1,1,0.30997295020811677
1,43030,625,50,26,1,1,0,1,1,6.861726004915116
0,4580,100,-64,-59,0,0,0,0,1,1.4262118699041935
1,24570,327,-4,-35,0,0,0,1,1,3.6571142922579725
1,2560,38,-49,-14,2,1,0,0,1,2.8768020197789674
1,24550,62,44,23,0,0,0,0,1,2.95554901588228
0,65760,772,177,68,0,0,0,1,1,2.073237362122857
1,16640,407,38,35,0,0,1,1,1,5.100075934202408
2,151920,1132,255,71,2,1,1,1,-1,-5.005579204990443
1,14050,228,-45,-55,0,0,0,1,1,2.2186975901068386
0,270490,865,83,78,0,0,0,0,1,2.2593093321944835
0,104210,185,-39,-56,2,2,0,1,1,1.3145014181013543
0,17690,284,-24,-26,1,1,0,1,1,4.103513546896902
0,17700,174,-81,-81,1,0,0,0,1,1.4887035823334216
0,24400,352,-10,-25,1,0,0,1,1,4.156726584878218
1,26800,306,-44,-26,1,0,0,1,1,4.4261145818533585
0,13830,145,-58,-51,3,2,0,1,1,1.3638087723326677
0,73030,240,25,7,0,0,0,0,1,3.0349909617047537
2,67230,1155,57,75,2,1,1,1,1,0.30034643200335864
1,20620,808,105,132,0,0,0,0,1,3.231076823585248
0,7590,20,-31,-50,0,0,0,0,1,1.7896083973676689
0,11860,292,-60,-42,0,0,0,1,1,1.686931095275824
0,7240,295,-29,-14,0,0,0,0,1,2.7255601881707747
0,1367850,3137,-15,5,1,0,0,1,-1,-4.860866299125849
1,7190,123,98,79,0,0,1,0,1,2.7066117768836797
0,3210,47,-93,-82,0,0,0,0,-1,-0.04811623554065747
1,17660,224,-41,-27,5,2,0,1,1,0.26888899251212095
1,10270,306,-31,-19,0,0,1,1,1,3.549065915282359
1,229690,485,45,0,4,3,0,1,1,2.062524560649738
1,32930,271,-16,-7,1,0,0,1,1,5.128285148068855
0,2740,17,0,-58,0,0,0,0,1,1.5623295422323977
0,38820,647,259,137,0,0,0,1,-1,-0.00035471617511362297
1,61310,931,274,227,1,0,1,1,-1,-1.1715499719551765
0,5180,167,-43,-10,0,0,0,0,1,2.1410300698370435
0,2970,50,-95,-87,0,0,0,0,-1,-0.266276994068793
0,33500,231,48,-53,0,0,0,1,1,1.4482854111652834
2,37660,658,-5,7,0,0,2,1,-1,-0.2682694745144367
0,2910,24,-5,-40,0,0,0,0,1,1.9837979846849905
1,25930,631,70,43,0,0,1,1,1,5.709977474876702
1,25710,258,-74,-74,1,0,0,0,1,2.030267946009971
1,6790,67,34,50,0,0,0,0,1,2.4683658272325246
0,265250,2852,64,84,2,0,0,1,-1,-5.5449018883444445
0,20700,37,-9,-22,0,0,0,0,1,2.228521991467158
0,13520,363,8,45,0,0,0,0,1,2.2279980691249364
0,12610,157,-61,-52,1,0,0,1,1,2.448902328402866
0,3120,190,-75,-24,0,0,0,0,1,1.4895530328707878
0,95280,1031,-32,-21,2,1,0,1,1,5.051933177048543
1,1367690,2902,0,90,4,2,0,1,-1,-10.459941202953267
0,31720,423,-6,-21,1,1,0,1,1,4.743548986972456
0,31590,377,175,74,0,0,0,1,1,1.505651170206356
0,6880,250,-43,1,0,0,0,0,1,2.15688814099385
0,3380,14,37,-65,0,0,0,0,1,0.7390315886032646
0,15610,246,25,-2,0,0,0,0,1,2.922557380598324
0,10720,271,-5,11,1,1,0,0,1,3.849840662653495
0,10670,223,47,38,0,0,0,0,1,2.343916242683285
0,16410,32,51,-20,0,0,0,0,1,1.7098525713663832
0,100,4,-96,-90,0,0,0,0,-1,-0.5375369895083786
0,3720,43,75,8,0,0,0,0,1,1.4887746950586873
1,34360,604,40,44,0,0,0,1,1,5.07849591916802
0,8790,53,-91,-91,1,0,0,0,1,0.48440380658430016
0,6320,32,11,-38,1,0,0,0,1,2.894447350659071
1,7600,246,-42,-25,0,0,1,1,1,2.9632140251572316
0,5310,49,-88,-89,0,0,0,0,-1,-0.12763717412414266
0,19820,527,73,89,0,0,0,1,1,2.1746363934259882
0,6530,38,-72,-92,1,1,0,0,1,0.5399903705274021
1,34620,661,18,36,0,0,0,1,1,4.926673849834604
0,8810,262,-27,6,0,0,0,0,1,2.4344792430166606
1,9870,363,8,16,1,0,0,0,1,5.3319252725049395
0,39620,195,-61,-53,1,0,0,0,1,2.9058132525337967
1,7780,291,-17,-7,0,0,0,0,1,3.7643820134520922
0,151210,1727,-18,-12,4,1,0,1,1,0.9017671591606842
0,6760,24,-37,-40,0,0,0,0,1,1.862741770637868
1,2000,130,-78,-58,0,0,0,0,1,1.1813476676322132
0,29730,472,283,120,0,0,0,1,-1,-1.37044226578843
0,17620,557,91,151,1,1,0,0,-1,-0.00014232424532423238
0,161390,314,49,65,0,0,0,1,1,2.088641746610989
1,390180,938,6,33,0,0,0,0,1,2.6889348961850636
0,87700,935,-53,-49,2,1,0,1,1,3.9066551297329255
1,21910,695,-10,-4,1,1,0,1,1,6.095038729036304
1,576200,1558,15,-22,6,3,0,1,-1,-6.0053598780622615
1,45170,579,-14,-10,1,0,0,1,1,5.8995767955033
1,28960,444,14,0,1,1,0,1,1,6.259540791278564
0,76150,260,-52,-50,1,0,0,0,1,3.3677371308200463
2,1124850,2153,37,39,3,1,0,1,-1,-8.804548547681287
1,6010,329,-36,5,0,0,0,0,1,3.3823311441919017
0,3170,36,-88,-79,0,0,0,0,1,0.16110336546010728
0,55230,904,57,56,0,0,0,1,1,2.9049696816313286
1,36460,902,4,-14,0,0,0,1,1,4.008083215599811
0,26450,529,12,3,0,0,0,1,1,3.181289179008921
1,1323740,1405,7,-2,1,0,0,1,-1,-3.792409210356791
1,31290,117,-52,-41,0,0,0,0,1,2.321263597800151
0,15180,48,-72,-72,0,0,0,0,1,0.8456200915978229
0,2340,19,0,-52,0,0,0,0,1,1.7190187165220188
0,12250,342,-64,-41,0,0,0,1,1,1.6379557719508604
1,59240,941,5,29,3,1,0,1,1,6.452368626289569
0,5120,121,-55,-46,0,0,0,0,1,1.8552071901566016
0,14390,455,-50,-8,1,0,0,1,1,3.445510915518458
0,33560,590,194,111,0,0,0,1,1,1.791397069366532
0,5090,35,63,-12,0,0,0,0,1,1.5411677510786923
1,16680,586,-59,-49,1,1,0,1,1,3.678378343553092
1,19790,43,-18,0,0,0,0,0,1,2.7198602949514346
1,1020,10,-81,-82,0,0,0,0,-1,-0.12700176367036065
1,14350,36,-47,-47,0,0,0,0,1,1.9040453484173092
0,628360,636,-37,-58,2,1,0,1,-1,-0.05566093656304005
0,10360,131,76,-49,0,0,0,1,1,0.4507634028760812
0,557230,1642,2,11,0,0,0,1,1,0.6975572814298587
1,9450,209,-63,-59,0,0,0,1,1,1.59054112896429
0,9430,44,-50,-17,0,0,0,0,1,1.6823278517197302
0,9490,26,-60,-61,0,0,0,0,1,1.257865212948019
0,6700,347,-36,-7,0,0,0,0,1,2.58807106319264
0,18370,486,18,72,0,0,0,1,1,1.6428429765773132
0,101050,213,-8,9,0,0,0,1,1,2.5038257679272355
1,23290,592,-58,-37,1,1,1,1,1,3.8419705984443517
0,25650,553,96,115,0,0,0,1,1,1.80031099230618
0,17660,140,-60,-52,1,1,0,1,1,2.5537147006778795
2,51740,847,28,33,1,1,2,1,1,0.0002050385826706247
1,20760,326,-32,-49,0,0,0,1,1,2.915698365305449
1,39690,416,6,56,2,1,0,1,1,5.834899982795495
0,5760,65,-36,-70,0,0,0,0,1,1.4430413774962467
1,833250,1840,64,-6,4,1,0,1,-1,-1.1185205540295797
0,28450,528,3,9,0,0,0,1,1,3.0748740932955663
0,32210,510,147,95,1,1,0,1,1,2.3446831272496453
0,5180,73,-74,-51,1,1,0,0,1,1.8983064009256658
2,83180,744,-32,-19,3,1,0,1,-1,-2.4498371229576
0,1100,6,-66,-85,0,0,0,0,1,0.373895994352452
2,11350,94,-87,-84,0,0,0,0,-1,-5.600837773308543
1,67360,1525,139,135,2,1,1,1,1,1.6375877960559464
1,26350,569,104,75,0,0,1,1,1,5.3034159983057165
0,3000,72,-75,-69,0,0,0,0,1,0.8769751358217661
0,19680,411,-38,-3,2,0,0,1,1,3.2763477072759244
0,15160,180,-33,-55,1,1,0,1,1,3.1030704652786767
0,620720,1789,17,23,0,0,0,1,1,0.5845424384019999
1,69240,857,142,73,0,0,0,1,1,4.61014395131847
0,15380,251,-34,-34,0,0,0,1,1,2.234332255961501
2,61620,195,-33,-4,1,0,0,0,-1,-1.695109104793353
1,15570,41,-16,-19,0,0,0,0,1,2.7342232545744665
0,31540,121,-32,-30,0,0,0,0,1,2.4134923104182135
1,16940,455,-1,6,1,0,0,1,1,5.87114439793854
1,3590,203,-69,-60,0,0,0,1,1,1.342623947324352
2,38620,719,-4,13,1,1,2,1,-1,-0.5802942721920807
1,8450,164,-70,-66,0,0,0,1,1,1.0211978758209845
1,27890,276,-72,-72,6,3,0,1,-1,-5.092174953600546
0,498960,1447,30,17,1,1,0,1,1,4.180294277992491
2,10490,93,-87,-82,1,0,0,0,-1,-5.083914303623423
0,4580,91,-72,-50,1,0,0,0,1,2.2369767374053176
0,31430,484,-10,-11,0,0,0,1,1,3.0069066050758835
1,5880,175,-40,-24,0,0,0,0,1,2.907367107399473
0,34900,946,6,76,1,0,0,1,1,2.483221915578465
0,24100,197,16,-45,0,0,0,1,1,2.0771307170607507
1,48950,744,67,53,0,0,0,1,1,5.283557601696742
0,18890,386,102,19,1,1,0,0,1,3.1170685311596102
1,17590,500,36,53,0,0,1,1,1,5.141850140028982
0,44320,269,-64,-85,2,0,0,1,1,1.093367525726027
0,27870,238,-6,-5,0,0,0,1,1,2.6107805074950114
0,65320,128,-29,-25,1,1,0,1,1,3.65891719575815
1,18830,201,-23,-52,0,0,0,1,1,2.574629635135036
0,9840,217,-6,6,1,0,0,0,1,3.689059894883208
1,28230,513,-11,3,0,0,0,1,1,4.494208816479237
1,34090,601,14,16,0,0,0,1,1,4.984520233306306
0,5770,45,-86,-89,1,0,0,0,1,0.6773366281672253
0,22900,332,20,-1,0,0,0,1,1,2.952806957377785
0,157740,440,-31,-35,0,0,0,1,1,2.7062695884616588
0,17860,200,-44,-50,2,1,0,1,1,3.715098044085515
0,8380,234,-9,6,0,0,0,0,1,2.638923839833101
0,54150,307,-46,-35,3,3,0,1,-1,-0.26376174510711436
0,1910,46,-84,-80,0,0,0,0,1,0.26622672746623977
0,19630,295,-40,-11,3,2,0,1,1,3.339626764594904
0,24620,362,63,18,0,0,0,1,1,2.8652719471600783
1,11230,26,-56,-41,0,0,0,0,1,1.7657735422389713
0,39660,86,80,87,0,0,0,0,1,0.685994365978349
0,18790,322,101,0,0,0,0,0,1,2.010212082310172
0,6130,111,-28,-59,0,0,0,0,1,1.9327029674476037
0,14650,325,-56,-40,1,1,0,1,1,3.3608043096830045
2,40750,725,3,18,0,0,2,1,1,0.000249823371916591
0,590510,1780,23,-6,1,1,0,1,1,3.0727589487330675
0,129190,278,47,67,4,1,0,1,1,1.3132258175585605
0,149050,697,-54,-35,1,0,0,1,1,3.5933870905363747
1,26720,53,21,21,1,0,1,0,1,3.8993563849947606
0,146840,744,-68,-46,1,0,0,0,1,2.65197003971225
0,172120,537,-35,-41,0,0,0,1,1,2.5255076400103
1,12440,333,-63,-38,0,0,0,1,1,2.424109349445331
0,10640,62,-68,-43,0,0,0,0,1,1.4297275248041856
0,49430,434,1,9,2,2,0,1,1,3.4638837898005264
0,27980,243,-40,-35,6,3,0,1,-1,-1.789363410933305
0,3430,23,27,-42,0,0,0,0,1,1.65454415011234
0,34980,296,-29,5,0,0,0,1,1,2.324373215051068
0,5640,58,6,17,1,0,0,0,1,2.8276963151590557
0,33930,486,-2,-14,1,0,0,1,1,4.5345002205807745
0,46160,250,-16,15,1,0,0,0,1,3.6484936631026805
0,15300,293,-2,15,0,0,0,1,1,2.5014281326040866
0,3530,27,30,-32,0,0,0,0,1,1.809860092113066
0,450490,1437,-30,-28,6,2,0,1,-1,-2.9808049398008585
1,10730,233,-26,-36,0,0,1,1,1,3.0357752005146175
0,33310,274,-30,-27,6,3,0,1,-1,-1.2136074330518802
0,4490,35,-78,-73,0,0,0,0,1,0.5999947975776792
1,10540,321,15,3,0,0,0,0,1,4.180248279118281
0,12470,124,61,-38,0,0,0,0,1,1.5114517038486213
1,32500,873,97,90,1,1,1,1,1,5.991500218455702
1,21320,402,-38,-30,0,0,0,1,1,3.428825602825434
1,23860,269,-11,-38,1,1,0,1,1,4.680934702587852
0,6450,112,-38,-71,0,0,0,0,1,1.5352500325105503
1,7510,169,-35,-53,0,0,0,0,1,2.4318722173362133
1,13080,42,14,5,0,0,0,0,1,2.9147160036398034
0,37710,233,2,-12,1,0,0,1,1,4.020257988406087
0,5900,63,-30,-71,1,0,0,0,1,2.3155489536100795
1,5630,98,64,86,0,0,0,0,1,1.9007294817016742
0,26860,282,-46,-44,2,0,0,1,1,2.750587004692271
0,48100,582,10,17,4,2,0,1,1,5.092748726437392
0,12400,313,9,28,0,0,0,0,1,2.609693679818207
1,15010,368,-42,-24,1,1,0,1,1,4.6918389059929595
1,6980,30,-87,-72,0,0,0,0,1,0.15744156759305028
0,11660,209,-47,-43,1,1,0,1,1,3.2267526592627362
0,2020,18,-76,-76,1,1,0,0,1,0.9952764911711256
0,2840,115,18,-1,0,0,0,0,1,2.4175908602879765
1,19170,158,-44,-46,2,1,0,1,1,3.7472848495671833
0,474770,1512,-32,-14,0,0,0,1,1,0.0024294361721182156
0,7560,513,-25,47,1,1,0,0,1,2.765542122785842
0,30110,868,73,49,1,0,0,1,1,4.277069783861151
0,192650,1185,-8,-14,4,2,0,1,1,4.655677878220651
1,301550,922,32,66,1,0,0,0,1,4.786389592054295
1,45560,591,79,33,0,0,0,1,1,5.135953245313992
0,16320,297,-45,-41,0,0,0,1,1,2.0593810652700313
0,5990,53,-42,-64,0,0,0,0,1,1.5256996329312038
0,2610,39,5,-2,0,0,0,0,1,2.081289359740232
0,6800,224,-79,-47,0,0,0,1,1,0.9670775687896693
1,22710,481,191,166,0,0,0,1,1,2.0874901245431197
1,17000,336,1,28,0,0,0,1,1,4.049519909180166
1,432690,1012,30,50,0,0,0,0,1,2.2675057101835456
0,14590,865,45,90,0,0,0,1,1,1.6679705278588095
0,25160,411,-20,-8,0,0,0,1,1,2.7831233643407067
0,478520,1493,-1,-47,4,3,0,1,-1,-2.3525992328454777
0,75050,675,134,5,3,0,0,1,1,0.00042675953780957343
1,40900,776,43,57,1,1,0,1,1,6.522300945656362
0,2870,21,-2,-48,0,0,0,0,1,1.8272660742469924
0,4120,23,-67,-52,0,0,0,0,1,1.2210485336113024
0,29240,217,-71,-85,2,0,0,1,1,0.7691761841524603
0,19570,153,-36,-21,1,1,0,1,1,3.4681493123194826
0,3840,13,60,-68,0,0,0,0,1,0.0007579058468287769
1,9870,360,5,14,0,0,0,0,1,4.1781275095460195
1,16010,446,75,43,0,0,0,0,1,4.411354508144125
0,48600,562,64,12,0,0,0,1,1,3.2808397955122537
1,315650,645,-33,-9,1,0,0,0,1,4.197514659214772
0,2770,45,-67,-79,0,0,0,0,1,0.6911760282877779
0,36860,681,0,12,1,0,0,1,1,4.503461410317183
0,29790,695,121,80,0,0,0,1,1,2.825727368967197
0,15120,166,-35,-58,1,0,0,1,1,2.8067972983238825
0,25010,524,-27,-41,0,0,0,1,1,2.4352703231322472
1,5940,182,-41,-21,0,0,0,0,1,2.9286863970113792
1,180530,324,7,3,0,0,0,1,1,4.327911671449844
0,47830,264,-65,-47,1,0,0,0,1,3.054889700598622
1,121720,1170,1,2,1,0,0,1,1,5.233190271889729
1,15640,517,67,72,0,0,0,0,1,4.221872270430424
0,9260,266,-23,8,0,0,0,0,1,2.4777899838435467
1,140610,254,-20,-17,1,1,1,1,1,4.965391263137253
0,918020,1759,-36,-34,2,0,0,1,-1,-0.10802425058426124
0,320150,1012,-58,-42,2,0,0,1,1,2.1778802666239514
1,23050,202,-33,-32,4,2,1,1,1,0.8358590085272617
1,25080,244,62,12,2,1,0,1,1,5.648485981603379
0,166220,1762,7,20,0,0,0,1,-1,-1.006323248448787
0,414700,900,69,63,0,0,0,0,1,1.162395998284527
0,1820,55,-34,38,0,0,0,0,1,0.5082969190177735
0,3410,16,-66,-60,0,0,0,0,1,1.098529484988557
0,18850,215,-13,-43,0,0,0,1,1,2.2354146761594826
1,31510,323,-22,-27,4,3,0,1,1,0.67217974618681
0,10370,402,3,16,0,0,0,0,1,2.929285998878626
1,582700,1232,-32,-28,1,0,0,1,1,1.7854255131051104
0,9030,342,-14,-8,1,0,0,0,1,4.085972866148314
0,5400,39,2,-2,0,0,0,0,1,2.086488597965392
0,16630,81,-65,-59,0,0,0,0,1,1.3964809117964876
0,1160,20,-83,-50,0,0,0,0,1,0.7872597429887662
0,41970,592,220,130,0,0,0,1,1,1.180882193673284
1,5680,210,-66,-20,0,0,0,1,1,2.1605214857300403
0,46300,197,-69,-63,1,0,0,0,1,2.5105595113342822
0,92380,514,25,29,6,5,0,1,-1,-8.36089234868274
1,197620,406,19,-16,0,0,0,1,1,4.355275026804012
1,56120,222,100,89,1,0,0,0,1,3.689727550952796
1,754760,2218,30,15,2,1,0,1,1,2.311668718888484
0,250030,687,-8,-5,0,0,0,1,1,3.0359146863399182
0,316200,1089,-37,-21,3,1,0,1,1,4.871280745385928
1,21350,376,-38,-31,0,0,0,1,1,3.3711016597456798
0,384230,751,4,6,3,1,0,0,1,3.882237507516134
1,8290,229,-15,0,0,0,0,0,1,3.58810104893848
1,17390,720,89,136,0,0,0,0,1,2.791226025991911
1,6550,163,-33,-29,0,0,0,0,1,2.9491490762707535
0,1531530,1680,52,18,2,0,0,1,-1,-5.054518135519274
0,9940,142,-56,-62,0,0,0,1,1,1.138791929110802
1,23560,546,26,9,0,0,0,1,1,4.952498824782367
0,65250,450,-74,-70,0,0,0,0,1,1.2986984050341341
1,14670,44,23,10,0,0,0,0,1,2.921220277133255
0,7160,228,-6,-4,0,0,0,0,1,2.776844065190268
0,9140,335,-69,-25,0,0,0,1,1,1.5130655883545572
0,75670,207,18,4,1,1,0,0,1,4.088698091844947
0,16940,288,47,18,0,0,0,1,1,2.690345211544912
0,40200,334,45,59,1,1,0,1,1,3.5859929545539906
1,11240,554,22,82,0,0,0,0,1,3.1856517192621325
0,12140,317,8,38,0,0,0,1,1,2.1622329976450487
0,42010,601,40,17,0,0,0,1,1,3.366117837543392
1,532290,2055,-4,-19,2,0,0,1,1,0.3149715457518596
1,35720,306,43,-32,0,0,0,1,1,3.479191587823813
2,63410,767,57,21,1,1,2,1,1,0.11459381464009155
0,25650,157,2,-42,4,1,0,1,1,1.3610110836293252
1,1514120,1518,28,12,3,2,0,1,-1,-9.012107188307006
0,38230,835,61,63,0,0,0,1,1,2.841117490964301
0,19370,351,-44,-38,0,0,0,1,1,2.187423160260238
1,29410,345,-6,7,7,1,0,1,-1,-6.837752900133847
1,3080,123,-70,-66,0,0,1,0,1,0.6835112849367064
0,24300,508,2,11,0,0,0,1,1,3.00978755208682
0,11410,250,-67,-57,0,0,0,1,1,1.2255460266506972
0,39830,636,36,28,0,0,0,1,1,3.274691640321027
0,4610,78,-68,-55,0,0,0,0,1,1.3403782328983702
0,53250,140,-19,-31,0,0,0,0,1,2.6440655023547315
0,31620,520,-9,-4,0,0,0,1,1,3.017000543893843
0,140890,230,-32,-37,2,2,0,1,1,2.190718345649014
1,32920,363,32,-27,0,0,0,1,1,3.9461982642576423
0,31220,530,13,10,0,0,0,1,1,3.188363222338772
1,63190,840,115,69,2,2,0,1,1,2.771225493138598
0,4790,21,-94,-82,0,0,0,0,-1,-0.14580823497682616
1,45150,140,24,-4,0,0,0,0,1,3.56255638040421
0,13780,289,28,20,0,0,0,0,1,2.843039404315604
0,28460,117,-45,-45,0,0,0,0,1,2.1150212384076177
0,17570,471,0,48,1,1,0,1,1,3.7414181993902247
2,24940,543,226,129,2,1,2,0,-1,-5.512407462007783
0,2270,78,-82,-69,0,0,0,0,1,0.705254444788423
1,16480,401,-35,-10,0,0,0,1,1,3.6987016207140044
0,61200,625,116,34,0,0,0,1,1,2.8896026466934117
1,65240,1008,73,39,4,3,0,1,1,1.5378825668342166
0,16470,668,-57,-38,0,0,0,1,1,1.5542934014087884
0,577770,2765,27,38,1,0,0,1,-1,-2.322007821075406
0,10280,228,-12,-10,0,0,0,1,1,2.4603693362018397
1,9860,324,7,46,0,0,0,0,1,3.524771948701204
1,19500,678,112,122,0,0,0,0,1,3.6186016179430815
0,373180,1246,-32,-14,1,0,0,1,1,2.8542044096755284
1,309010,983,15,38,2,1,1,1,1,7.147791879315498
1,20610,670,-41,-36,0,0,0,1,1,3.128670471493283
0,24790,236,-31,-17,1,1,0,1,1,3.915682564232455
0,21510,334,-28,-25,0,0,0,1,1,2.5560457494634505
1,5550,168,-52,-53,0,0,0,0,1,2.1340804900751884
0,32070,138,-36,-23,0,0,0,0,1,2.4086019439325277
1,32410,1205,252,295,0,0,1,0,-1,-4.621621228491341
0,28060,470,-14,-11,0,0,0,1,1,2.9329860298123727
0,23400,140,-20,-24,3,3,0,1,-1,-0.2585140466271696
0,17860,321,-44,-50,1,1,0,1,1,3.457320261075946
0,5600,344,-44,-1,0,0,0,0,1,2.302690543124182
1,39280,726,214,190,0,0,0,0,1,1.6041619172977732
0,27350,602,-1,25,1,1,0,1,1,4.69119668865396
0,11570,166,-46,-56,0,0,0,1,1,1.5125361407715552
0,6170,187,-33,-16,0,0,0,0,1,2.45221478550609
1,10370,134,-44,-6,3,1,0,0,1,2.3092123789326067
0,10160,278,-5,15,0,0,0,0,1,2.638511385657221
1,52020,576,108,15,1,1,0,1,1,5.5532446607470725
0,650,80,-82,-28,0,0,0,0,1,1.0013018979233088
0,130940,1397,-14,-2,1,0,0,1,1,2.2074425844616634
0,29500,92,-21,6,1,1,0,0,1,3.0982921626116564
0,125340,292,35,62,0,0,0,1,1,2.002458744853758
0,29730,539,-1,10,1,1,0,1,1,4.913792086661601
0,278230,1060,-31,-18,1,1,0,1,1,4.261421893788938
1,21780,944,136,209,0,0,0,0,1,0.2400596822269101
0,8760,133,-59,-33,1,1,0,0,1,2.735327999127506
0,24970,325,-35,-26,2,0,0,1,1,3.2654916874026547
1,32730,1209,353,506,0,0,1,1,-1,-15.430879140587251
0,8540,82,22,-51,2,1,0,0,1,2.741040771076811
1,49120,485,96,-3,0,0,0,1,1,3.8888814503319082
0,22810,508,-35,-7,0,0,0,1,1,2.4988975042586468
1,11130,126,-47,-40,3,1,0,0,1,1.7586209125529848
0,34280,460,-12,5,1,0,0,1,1,4.328315640017678
1,34750,368,36,-17,0,0,0,1,1,4.2219975961349725
0,5640,296,-47,-21,0,0,0,0,1,2.4180758733873837
0,39770,870,218,248,0,0,0,0,-1,-2.226488954420116
1,22820,311,-25,-51,0,0,0,1,1,2.9189812044156227
0,54990,182,1,-28,0,0,0,0,1,2.855296243915671
0,159910,2345,12,23,3,1,0,1,-1,-1.2398856116455903
0,35420,290,11,-32,1,1,0,1,1,4.280870878108811
0,27020,294,334,-5,0,0,1,1,-1,-8.594722226708887
1,66030,812,112,52,0,0,0,1,1,5.019434675744346
0,6260,268,-33,-11,0,0,0,0,1,2.5847084511685416
0,31390,362,39,-26,0,0,0,1,1,2.6944763643357525
0,3520,107,-42,-32,0,0,0,0,1,2.116375721438125
1,7680,253,-59,-60,0,0,0,1,1,1.7633432752860685
0,194580,697,-35,-32,0,0,0,1,1,2.499265471670224
0,59640,722,98,47,2,2,0,1,1,2.4050259154971414
0,71840,255,54,28,1,0,0,0,1,3.795399642185899
0,34820,270,-22,-6,1,1,0,1,1,4.200413916529584
0,477750,1132,86,60,3,3,0,1,-1,-2.1055237266366085
0,29340,294,-25,-31,3,3,0,1,1,0.14924710179259293
0,1070,17,-73,-65,0,0,0,0,1,0.8388777308719959
1,21520,477,-32,-5,0,0,0,1,1,3.9242941976264696
0,26130,220,-46,-27,2,1,0,1,1,4.1933982507407315
2,54500,757,35,19,0,0,2,1,1,0.3521916796226989
0,12950,41,-65,-55,0,0,0,0,1,1.3229879708666417
1,12120,24,-54,-49,1,1,0,0,1,2.226797788524994
0,36680,513,47,3,0,0,0,1,1,3.2463001276659824
0,9990,118,17,-56,1,0,0,0,1,2.7634007522514956
0,7020,98,-44,-61,0,0,0,0,1,1.7204481355944985
1,28280,498,-5,20,1,0,0,1,1,5.886834438909844
0,55530,438,-8,18,1,0,0,1,1,4.265296455936667
1,8690,92,-12,-74,1,0,0,0,1,2.3238452846217292
0,51230,222,-68,-57,1,0,0,0,1,2.7359466841337863
0,35200,93,-55,-48,1,0,0,1,1,2.523739767848788
0,12750,235,-10,-10,0,0,0,1,1,2.5143068982255024
0,3210,13,-5,-68,0,0,0,0,1,1.284546559648323
0,44080,339,-22,11,2,1,0,1,1,5.0764658952440485
2,106030,988,148,49,0,0,1,1,1,0.00037426952346564235
0,251120,624,1,1,0,0,0,0,1,2.9638617454924017
0,7530,32,12,-20,0,0,0,0,1,2.133581690340076
0,261010,1352,-38,-19,2,1,0,1,1,4.3275747977170695
0,2880,92,-74,-67,1,0,0,1,1,1.5213024926166767
0,891720,2037,11,0,0,0,0,1,-1,-7.083728054269045e-05
0,27830,190,-79,-90,4,0,0,1,-1,-4.374099975361057
0,2350,19,-4,-52,0,0,0,0,1,1.743737734920824
0,78430,455,12,8,5,1,0,1,1,0.9494410525241932
1,37440,686,7,-35,0,0,0,1,1,3.9385859183818503
0,32470,388,15,-17,1,0,0,1,1,4.4129261277588405
0,9890,210,-21,-16,0,0,0,0,1,2.6913244286516402
1,15180,196,-3,-21,0,0,0,1,1,3.4759158459781787
0,3960,35,-14,-27,1,0,0,0,1,3.079922186768499
1,17370,365,-37,-54,0,0,0,1,1,2.7039244891912126
0,3250,68,-67,-54,1,0,0,0,1,2.2297592259582544
1,20020,49,88,22,0,0,1,0,1,2.5060020920393455
0,22200,685,153,130,1,0,0,0,1,2.3275730258248437
1,72460,150,166,180,1,0,1,0,1,0.4082143168672161
0,182210,1766,63,63,6,1,0,1,-1,-4.728090810643915
1,63670,846,138,86,0,0,0,1,1,4.691751468966668
0,11800,185,63,14,0,0,0,0,1,2.3697094436028117
0,2510,17,-16,-58,0,0,0,0,1,1.6367081943168493
1,7400,47,-68,-80,1,0,0,0,1,1.2334726461599743
0,3610,20,32,-50,0,0,0,0,1,1.362033803683257
0,86740,486,17,25,2,0,0,1,1,4.225046449680313
0,107100,1003,-28,-21,3,3,0,1,1,0.5994109226134299
0,15300,242,-2,-4,1,1,0,1,1,4.190437619720239
0,38400,555,62,21,2,0,0,1,1,4.0076727707705615
0,74570,308,-41,-35,2,0,0,0,1,3.0588931525474443
0,36910,455,6,-18,0,0,0,1,1,3.1100642073801303
0,6790,17,-43,-62,0,0,0,0,1,1.4391542215632533
0,17910,86,-85,-79,4,0,0,1,-1,-4.478830821164234
0,210960,773,-44,-35,1,0,0,1,1,3.700427527533005
0,8850,361,-12,4,0,0,0,0,1,2.8782594005492577
0,2960,108,-76,-57,0,0,0,0,1,1.180381607599383
1,936850,1737,24,17,2,1,0,1,1,2.291727135894554
0,9050,436,-10,1,0,0,0,1,1,2.7952035116416667
1,32960,982,93,128,0,0,0,1,1,3.3900299162857728
1,5660,118,59,95,0,0,0,0,1,1.667733750597261
0,11740,278,-47,-25,0,0,0,1,1,2.0599043484456665
1,35450,567,6,8,2,2,0,1,1,4.200224237897864
0,7360,213,-4,-10,0,0,0,0,1,2.794829598921364
0,7080,260,-41,5,0,0,0,0,1,2.1393782946580515
0,186280,1921,39,51,3,1,0,1,1,2.27325679243404
0,26510,106,-55,-60,0,0,0,0,1,1.6735141370018631
0,26660,486,-1,12,0,0,0,1,1,2.960055195009769
0,1988970,3697,78,57,0,0,0,1,-1,-12.263943423494336
2,60300,575,52,-7,0,0,2,1,-1,-0.36076608193305404
1,41740,966,164,143,0,0,0,1,1,3.392478208143338
1,24840,609,92,87,0,0,1,1,1,5.217049334410802
0,26800,657,54,13,0,0,0,1,1,3.2187772575541267
